domain,gamma,cluster_id,prompts_in_cluster,accepted_prefix_improvement,accepted_beyond_first_improvement,acceptance_rate_improvement,emitted_tokens_improvement,verification_round_reduction
TinyStories validation,2,0,1,-0.17599067599067597,-0.19522144522144524,-0.1840034965034965,-0.17249417249417254,-2.34375
TinyStories validation,2,1,1,-0.059003496503496566,-0.07983682983682983,-0.074009324009324,-0.06060606060606066,-0.78125
TinyStories validation,2,2,1,-0.21605477855477856,-0.19682400932400934,-0.2138694638694639,-0.17249417249417254,-2.34375
TinyStories validation,2,3,1,-0.13432400932400929,-0.13432400932400934,-0.16841491841491846,-0.11188811188811187,-1.5625
TinyStories validation,2,4,1,-0.1477272727272727,-0.14772727272727273,-0.136509324009324,-0.10256410256410242,-1.5625
TinyStories validation,2,5,1,-0.09455128205128199,-0.09455128205128208,-0.11742424242424246,-0.05128205128205121,-0.78125
TinyStories validation,2,6,1,-0.10416666666666669,-0.0657051282051282,-0.06993006993006995,-0.10256410256410242,-1.5625
TinyStories validation,2,7,1,-0.18371212121212122,-0.18371212121212122,-0.15544871794871792,-0.181818181818182,-2.34375
TinyStories validation,2,8,1,-0.07211538461538464,-0.07371794871794873,-0.056672494172494176,-0.05128205128205121,-0.78125
TinyStories validation,2,9,1,0.04166666666666663,0.041666666666666685,0.05871212121212124,0.0,0.0
TinyStories validation,2,10,1,-0.06060606060606061,-0.06060606060606061,-0.06060606060606061,-0.06060606060606066,-0.78125
TinyStories validation,2,11,1,-0.2664835164835164,-0.24862637362637363,-0.23499417249417248,-0.2584082584082583,-3.90625
TinyStories validation,2,12,1,-0.017045454545454586,-0.01704545454545453,-0.01704545454545453,-0.06060606060606066,-0.78125
TinyStories validation,2,13,1,-0.11188811188811193,-0.11188811188811187,-0.1177156177156177,-0.11188811188811187,-1.5625
TinyStories validation,2,14,1,-0.10387529137529139,-0.10387529137529136,-0.09265734265734263,-0.16317016317016309,-2.34375
TinyStories validation,2,15,1,0.009324009324009341,0.009324009324009314,0.009324009324009314,0.05128205128205121,0.78125
TinyStories validation,2,16,1,0.1647727272727273,0.14554195804195805,0.15136946386946387,0.16317016317016309,2.34375
TinyStories validation,2,17,1,-0.09265734265734266,-0.09265734265734266,-0.047348484848484806,-0.11188811188811187,-1.5625
TinyStories validation,2,18,1,-0.020833333333333315,-0.020833333333333343,-0.032051282051282076,0.0,0.0
TinyStories validation,2,19,1,-0.05288461538461536,-0.07371794871794873,-0.0625,-0.05128205128205121,-0.78125
TinyStories validation,2,20,1,-0.14554195804195802,-0.14554195804195805,-0.15136946386946387,-0.16317016317016309,-2.34375
TinyStories validation,2,21,1,-0.04006410256410259,-0.059294871794871806,-0.09338578088578092,0.0,0.0
TinyStories validation,2,22,1,0.050990675990676027,0.03015734265734263,0.0018939393939393367,0.11188811188811187,1.5625
TinyStories validation,2,23,1,0.15515734265734266,0.15515734265734266,0.12689393939393936,0.17249417249417254,2.34375
TinyStories validation,2,24,1,0.08493589743589741,0.08493589743589744,0.0737179487179487,0.10256410256410242,1.5625
TinyStories validation,2,25,1,-0.03205128205128205,-0.03205128205128205,-0.049096736596736607,-0.05128205128205121,-0.78125
TinyStories validation,2,26,1,-0.13988095238095238,-0.13988095238095236,-0.1330128205128205,-0.1558441558441559,-2.34375
TinyStories validation,2,27,1,-0.21955128205128205,-0.21955128205128205,-0.18006993006993002,-0.2144522144522143,-3.125
TinyStories validation,2,28,1,-0.2857142857142857,-0.2664835164835165,-0.29953379953379955,-0.2584082584082583,-3.90625
TinyStories validation,2,29,1,-0.20833333333333331,-0.20833333333333334,-0.20294289044289043,-0.16317016317016309,-2.34375
TinyStories validation,2,30,1,-0.06060606060606061,-0.06060606060606061,-0.07182400932400934,-0.06060606060606066,-0.78125
TinyStories validation,2,31,1,-0.020833333333333315,-0.020833333333333343,-0.043706293706293725,0.0,0.0
TinyStories validation,2,32,1,-0.1856060606060606,-0.16477272727272727,-0.1477272727272727,-0.181818181818182,-2.34375
TinyStories validation,2,33,1,-0.009615384615384581,0.011217948717948706,-2.7755575615628914e-17,0.05128205128205121,0.78125
TinyStories validation,2,34,1,-0.08916083916083917,-0.08916083916083917,-0.1003787878787879,-0.06993006993007012,-0.78125
TinyStories validation,2,35,1,-0.013278388278388287,0.004578754578754576,0.018648018648018655,0.007326007326007189,0.0
TinyStories validation,2,36,1,-0.0525641025641026,-0.035897435897435895,-0.04235347985347987,-0.030769230769230882,-0.78125
TinyStories validation,2,37,1,-0.03205128205128205,-0.05288461538461539,-0.04166666666666666,-0.05128205128205121,-0.78125
TinyStories validation,2,38,1,-0.04356060606060602,-0.04356060606060608,-0.04356060606060608,0.0,0.0
TinyStories validation,2,39,1,0.03205128205128205,0.051282051282051294,0.04006410256410256,0.05128205128205121,0.78125
TinyStories validation,2,40,1,-0.12121212121212122,-0.12121212121212122,-0.13825757575757577,-0.12121212121212133,-1.5625
TinyStories validation,2,41,1,-0.14393939393939398,-0.14393939393939392,-0.14393939393939392,-0.16317016317016309,-2.34375
TinyStories validation,2,42,1,-0.09265734265734266,-0.09265734265734266,-0.09265734265734266,-0.11188811188811187,-1.5625
TinyStories validation,2,43,1,-0.062208624708624705,-0.04297785547785546,-0.018939393939393923,-0.10256410256410242,-1.5625
TinyStories validation,2,44,1,-0.1856060606060606,-0.1856060606060606,-0.13446969696969693,-0.181818181818182,-2.34375
TinyStories validation,2,45,1,-0.03205128205128205,-0.012820512820512803,0.0,-0.05128205128205121,-0.78125
TinyStories validation,2,46,1,-0.033945221445221385,-0.03394522144522147,-0.03394522144522147,0.009324009324009452,0.0
TinyStories validation,2,47,1,0.09265734265734266,0.09265734265734266,0.08143939393939392,0.11188811188811187,1.5625
TinyStories validation,2,48,1,0.0,0.0,0.02826340326340329,0.0,0.0
TinyStories validation,2,49,1,-0.17759324009324007,-0.15996503496503495,-0.1359265734265734,-0.2144522144522143,-3.125
TinyStories validation,2,50,1,0.023809523809523836,0.062499999999999986,0.021540959040959026,0.06060606060606066,0.78125
TinyStories validation,2,51,1,-0.11538461538461536,-0.11538461538461539,-0.12121212121212122,-0.11188811188811187,-1.5625
TinyStories validation,2,52,1,-0.19682400932400934,-0.1968240093240093,-0.17438811188811185,-0.2144522144522143,-3.125
TinyStories validation,2,53,1,-0.1006701631701632,-0.10067016317016317,-0.11771561771561773,-0.06060606060606066,-0.78125
TinyStories validation,2,54,1,-0.05128205128205132,-0.051282051282051266,-0.027368464868464837,-0.05128205128205121,-0.78125
TinyStories validation,2,55,1,0.022727272727272707,0.022727272727272735,0.022727272727272735,0.0,0.0
TinyStories validation,2,56,1,-0.03977272727272729,-0.039772727272727265,-0.022727272727272707,-0.06060606060606066,-0.78125
TinyStories validation,2,57,1,0.11349067599067597,0.07342657342657341,0.07342657342657341,0.11188811188811187,1.5625
TinyStories validation,2,58,1,-0.07211538461538464,-0.07211538461538461,-0.07794289044289043,-0.05128205128205121,-0.78125
TinyStories validation,2,59,1,-0.12310606060606061,-0.12310606060606061,-0.08901515151515149,-0.12121212121212133,-1.5625
TinyStories validation,2,60,1,-0.21765734265734266,-0.20002913752913754,-0.21008158508158511,-0.2144522144522143,-3.125
TinyStories validation,2,61,1,-0.13621794871794868,-0.11538461538461539,-0.12121212121212122,-0.11188811188811187,-1.5625
TinyStories validation,2,62,1,-0.2253787878787879,-0.22537878787878787,-0.2312062937062937,-0.22377622377622375,-3.125
TinyStories validation,2,63,1,-0.011217948717948734,-0.011217948717948706,2.7755575615628914e-17,-0.05128205128205121,-0.78125
TinyStories validation,2,64,1,-0.07182400932400934,-0.09265734265734266,-0.08143939393939392,-0.11188811188811187,-1.5625
TinyStories validation,2,65,1,-0.017045454545454586,-0.01704545454545453,-0.01704545454545453,-0.06060606060606066,-0.78125
TinyStories validation,2,66,1,-0.23093573093573094,-0.21010239760239757,-0.2543706293706294,-0.2071262071262071,-3.125
TinyStories validation,2,67,1,-0.07182400932400934,-0.07182400932400931,-0.04356060606060602,-0.11188811188811187,-1.5625
TinyStories validation,2,68,1,-0.1895604395604396,-0.19093406593406592,-0.19973776223776224,-0.14652014652014644,-2.34375
TinyStories validation,2,69,1,-0.06060606060606061,-0.06060606060606061,-0.04356060606060605,-0.06060606060606066,-0.78125
TinyStories validation,2,70,1,0.014880952380952384,0.01488095238095237,0.042103729603729614,0.03463203463203457,0.78125
TinyStories validation,2,71,1,-0.15326340326340326,-0.15326340326340326,-0.10795454545454541,-0.17249417249417254,-2.34375
TinyStories validation,2,72,1,-0.08143939393939392,-0.08143939393939395,-0.08143939393939395,-0.06060606060606066,-0.78125
TinyStories validation,2,73,1,-0.03977272727272729,-0.039772727272727265,-0.039772727272727265,-0.06060606060606066,-0.78125
TinyStories validation,2,74,1,0.018939393939393978,0.018939393939393923,0.0018939393939393645,0.06060606060606066,0.78125
TinyStories validation,2,75,1,-0.18371212121212127,-0.1837121212121212,-0.16666666666666663,-0.22377622377622375,-3.125
TinyStories validation,2,76,1,-0.054778554778554756,-0.07400932400932403,-0.05157342657342656,-0.05128205128205121,-0.78125
TinyStories validation,2,77,1,-0.1401515151515152,-0.14015151515151514,-0.12310606060606058,-0.181818181818182,-2.34375
TinyStories validation,2,78,1,-0.09294871794871795,-0.09294871794871795,-0.10999417249417251,-0.05128205128205121,-0.78125
TinyStories validation,2,79,1,-0.14204545454545459,-0.10198135198135197,-0.09076340326340324,-0.16317016317016309,-2.34375
TinyStories validation,2,80,1,-0.1474358974358974,-0.16666666666666669,-0.14423076923076922,-0.16317016317016309,-2.34375
TinyStories validation,2,81,1,0.020833333333333315,0.020833333333333343,0.0378787878787879,0.0,0.0
TinyStories validation,2,82,1,-0.14554195804195802,-0.14554195804195805,-0.1625874125874126,-0.16317016317016309,-2.34375
TinyStories validation,2,83,1,0.11349067599067597,0.09425990675990675,0.0772144522144522,0.11188811188811187,1.5625
TinyStories validation,2,84,1,0.059003496503496566,0.05900349650349648,0.06439393939393939,0.06060606060606066,0.78125
TinyStories validation,2,85,1,-0.01311188811188807,-0.013111888111888126,-0.03598484848484851,0.009324009324009452,0.0
TinyStories validation,2,86,1,-0.12660256410256404,-0.12660256410256412,-0.12121212121212122,-0.10256410256410242,-1.5625
TinyStories validation,2,87,1,-0.0018939393939393367,-0.00189393939393942,-0.035984848484848536,0.06060606060606066,0.78125
TinyStories validation,2,88,1,-0.12150349650349657,-0.12150349650349648,-0.10445804195804193,-0.12121212121212133,-1.5625
TinyStories validation,2,89,1,0.1247086247086247,0.10547785547785546,0.09848484848484848,0.16317016317016309,2.34375
TinyStories validation,2,90,1,-0.1003787878787879,-0.10037878787878787,-0.10037878787878787,-0.12121212121212133,-1.5625
TinyStories validation,2,91,1,-0.17003829503829504,-0.17003829503829504,-0.1461247086247086,-0.2071262071262071,-3.125
TinyStories validation,2,92,1,-0.13243006993006995,-0.13243006993006992,-0.10416666666666663,-0.17249417249417254,-2.34375
TinyStories validation,2,93,1,0.03205128205128205,0.012820512820512803,-0.017045454545454558,0.05128205128205121,0.78125
TinyStories validation,2,94,1,-0.07561188811188807,-0.07561188811188813,-0.09265734265734268,-0.05128205128205121,-0.78125
TinyStories validation,2,95,1,-0.31993006993006995,-0.3199300699300699,-0.2804487179487179,-0.3356643356643356,-4.6875
TinyStories validation,2,96,1,0.07371794871794868,0.09455128205128208,0.06628787878787878,0.05128205128205121,0.78125
TinyStories validation,2,97,1,-0.22887529137529133,-0.2288752913752914,-0.22348484848484848,-0.22377622377622375,-3.125
TinyStories validation,2,98,1,-0.01311188811188807,-0.013111888111888126,-0.007721445221445217,0.009324009324009452,0.0
TinyStories validation,2,99,1,-0.04166666666666663,-0.041666666666666685,-0.05871212121212124,0.0,0.0
TinyStories validation,2,100,1,-0.125,-0.125,-0.17613636363636367,-0.10256410256410242,-1.5625
TinyStories validation,2,101,1,-0.1003787878787879,-0.11960955710955712,-0.09134615384615383,-0.12121212121212133,-1.5625
TinyStories validation,2,102,1,-0.08143939393939392,-0.10227272727272729,-0.13825757575757577,-0.06060606060606066,-0.78125
TinyStories validation,2,103,1,-0.1474358974358974,-0.14743589743589744,-0.164481351981352,-0.16317016317016309,-2.34375
TinyStories validation,2,104,1,-0.09265734265734266,-0.09265734265734266,-0.09265734265734266,-0.11188811188811187,-1.5625
TinyStories validation,2,105,1,-0.08143939393939392,-0.08143939393939395,-0.08143939393939395,-0.06060606060606066,-0.78125
TinyStories validation,2,106,1,-0.07371794871794868,-0.07371794871794873,-0.1035839160839161,-0.05128205128205121,-0.78125
TinyStories validation,2,107,1,-0.23688811188811193,-0.23688811188811187,-0.270979020979021,-0.2144522144522143,-3.125
TinyStories validation,2,108,1,-0.08493589743589741,-0.0657051282051282,-0.08697552447552451,-0.10256410256410242,-1.5625
TinyStories validation,2,109,1,0.020833333333333315,0.0,-0.017045454545454558,0.0,0.0
TinyStories validation,2,110,1,-0.09265734265734266,-0.09265734265734266,-0.08143939393939392,-0.11188811188811187,-1.5625
TinyStories validation,2,111,1,-0.2192599067599067,-0.21925990675990678,-0.24213286713286716,-0.2144522144522143,-3.125
TinyStories validation,2,112,1,-0.09294871794871795,-0.09294871794871795,-0.12121212121212124,-0.05128205128205121,-0.78125
TinyStories validation,2,113,1,0.04166666666666663,0.041666666666666685,0.05871212121212124,0.0,0.0
TinyStories validation,2,114,1,-0.09265734265734266,-0.09265734265734266,-0.06439393939393936,-0.11188811188811187,-1.5625
TinyStories validation,2,115,1,-0.13432400932400934,-0.1343240093240093,-0.11727855477855476,-0.17249417249417254,-2.34375
TinyStories validation,2,116,1,-0.0077214452214452445,-0.007721445221445217,-0.053030303030303066,-0.009324009324009452,0.0
TinyStories validation,2,117,1,-0.09455128205128199,-0.09455128205128208,-0.11742424242424246,-0.05128205128205121,-0.78125
TinyStories validation,2,118,1,-0.13621794871794868,-0.11698717948717949,-0.13403263403263405,-0.11188811188811187,-1.5625
TinyStories validation,2,119,1,-0.09455128205128205,-0.0753205128205128,-0.08114801864801863,-0.09324009324009297,-1.5625
TinyStories validation,2,120,1,-0.0077214452214452445,-0.007721445221445217,-0.03598484848484851,-0.009324009324009452,0.0
TinyStories validation,2,121,1,-0.16637529137529133,-0.18720862470862473,-0.21008158508158511,-0.16317016317016309,-2.34375
TinyStories validation,2,122,1,-0.07561188811188807,-0.037150349650349634,-0.0056818181818182045,-0.05128205128205121,-0.78125
TinyStories validation,2,123,1,0.05871212121212127,0.05871212121212119,0.05288461538461536,0.12121212121212133,1.5625
TinyStories validation,2,124,1,-0.03205128205128205,-0.03205128205128205,-0.020833333333333315,-0.05128205128205121,-0.78125
TinyStories validation,2,125,1,-0.15721778221778226,-0.15859140859140858,-0.15034965034965034,-0.1558441558441559,-2.34375
TinyStories validation,2,126,1,-0.23659673659673663,-0.23659673659673658,-0.2141608391608391,-0.27505827505827496,-3.90625
TinyStories validation,2,127,1,0.0301573426573426,0.050990675990676027,0.050990675990676027,0.009324009324009452,0.0
TinyStories validation,4,0,1,-0.16746794871794862,-0.16746794871794876,-0.057096848401196276,-0.16239316239316226,-2.34375
TinyStories validation,4,1,1,-0.3208333333333334,-0.3208333333333333,-0.11001751871317086,-0.3111111111111111,-2.34375
TinyStories validation,4,2,1,-0.3291666666666665,-0.3291666666666667,-0.12440928324549015,-0.29494949494949496,-3.125
TinyStories validation,4,3,1,-0.3506944444444444,-0.3506944444444445,-0.14885324431801192,-0.28888888888888875,-2.34375
TinyStories validation,4,4,1,-0.3060606060606059,-0.3060606060606061,-0.11756425222081505,-0.25050505050505034,-2.34375
TinyStories validation,4,5,1,-0.2881944444444444,-0.2881944444444445,-0.12393149674399671,-0.2222222222222222,-2.34375
TinyStories validation,4,6,1,-0.3400883838383839,-0.3400883838383838,-0.09128871552127162,-0.3111111111111111,-2.34375
TinyStories validation,4,7,1,-0.22499999999999987,-0.22500000000000003,-0.06544629470978797,-0.19999999999999996,-1.5625
TinyStories validation,4,8,1,-0.02777777777777779,-0.02777777777777779,-0.0010714285714285565,0.0,0.0
TinyStories validation,4,9,1,0.0758838383838385,0.07588383838383836,0.031210648540592467,0.03838383838383841,0.0
TinyStories validation,4,10,1,-0.10902777777777795,-0.10902777777777772,-0.03329777418982817,-0.13333333333333353,-0.78125
TinyStories validation,4,11,1,0.31785714285714295,0.3178571428571429,0.06639591997628704,0.34285714285714275,2.34375
TinyStories validation,4,12,1,0.30079365079365084,0.30079365079365084,0.11718877187627189,0.2378066378066379,1.5625
TinyStories validation,4,13,1,-0.14494949494949483,-0.14494949494949497,-0.014884333676046704,-0.1454545454545455,-1.5625
TinyStories validation,4,14,1,-0.02013888888888893,-0.020138888888888873,-0.0283984533984534,-0.016161616161616044,0.0
TinyStories validation,4,15,1,-0.39236111111111105,-0.425189393939394,-0.14379387973137972,-0.43434343434343425,-3.90625
TinyStories validation,4,16,1,-0.1692550505050504,-0.14147727272727276,-0.05598861148430115,-0.1454545454545455,-1.5625
TinyStories validation,4,17,1,-0.3161616161616161,-0.3161616161616162,-0.0916850802696942,-0.3616161616161615,-3.125
TinyStories validation,4,18,1,-0.44652777777777786,-0.44652777777777775,-0.14647107723194677,-0.4666666666666669,-3.90625
TinyStories validation,4,19,1,-0.06091269841269842,-0.060912698412698474,-0.008313519314268922,-0.12063492063492043,-0.78125
TinyStories validation,4,20,1,-0.17500000000000004,-0.175,-0.07945079276601018,-0.19999999999999996,-1.5625
TinyStories validation,4,21,1,0.11458333333333337,0.11458333333333331,0.035497181964573285,0.11111111111111116,0.78125
TinyStories validation,4,22,1,0.057638888888888795,0.057638888888888906,0.01575276575276577,0.0888888888888888,0.78125
TinyStories validation,4,23,1,-0.3805555555555554,-0.3805555555555556,-0.11831986555562266,-0.37777777777777755,-3.125
TinyStories validation,4,24,1,-0.21736111111111112,-0.24513888888888885,-0.10154715596950627,-0.1838383838383839,-1.5625
TinyStories validation,4,25,1,-0.1356060606060605,-0.16060606060606067,-0.07051699124835945,-0.10505050505050484,-0.78125
TinyStories validation,4,26,1,0.15328282828282813,0.15328282828282833,0.09064072062994478,0.12323232323232314,1.5625
TinyStories validation,4,27,1,-0.3979166666666666,-0.375189393939394,-0.13134409620783372,-0.3616161616161615,-3.125
TinyStories validation,4,28,1,-0.13482905982905974,-0.1348290598290598,-0.02674501424501423,-0.18461538461538463,-2.34375
TinyStories validation,4,29,1,-0.07828282828282829,-0.07828282828282826,-0.0030965674110835367,-0.11111111111111116,-0.78125
TinyStories validation,4,30,1,-0.2333333333333334,-0.23333333333333334,-0.06003764753764754,-0.25050505050505034,-2.34375
TinyStories validation,4,31,1,-0.16300505050505054,-0.1630050505050505,-0.062485835923335925,-0.1393939393939393,-0.78125
TinyStories validation,4,32,1,-0.13888888888888895,-0.1388888888888889,-0.05065488470660884,-0.11111111111111116,-0.78125
TinyStories validation,4,33,1,-0.2581439393939392,-0.2581439393939394,-0.12391612773362422,-0.2343434343434343,-2.34375
TinyStories validation,4,34,1,-0.25,-0.27499999999999997,-0.09864595613518025,-0.2727272727272727,-2.34375
TinyStories validation,4,35,1,0.08333333333333337,0.08333333333333331,0.02391304347826087,0.11111111111111116,0.78125
TinyStories validation,4,36,1,-0.2833333333333332,-0.2833333333333334,-0.12433380084151471,-0.25050505050505034,-2.34375
TinyStories validation,4,37,1,0.06388888888888888,0.06388888888888888,0.05152345454257,0.0888888888888888,0.78125
TinyStories validation,4,38,1,0.3171717171717172,0.29444444444444445,0.11127937338491334,0.28888888888888875,2.34375
TinyStories validation,4,39,1,-0.07986111111111116,-0.0798611111111111,-0.02751904716066285,-0.0505050505050505,0.0
TinyStories validation,4,40,1,0.26249999999999996,0.2625,0.08647705394097824,0.2606060606060606,2.34375
TinyStories validation,4,41,1,-0.17013888888888884,-0.1701388888888889,-0.03068630833976102,-0.2222222222222222,-2.34375
TinyStories validation,4,42,1,0.0020833333333332704,0.00018939393939398919,0.007069543359865912,-0.03232323232323253,-0.78125
TinyStories validation,4,43,1,-0.5694444444444443,-0.5694444444444444,-0.17561341896895893,-0.6121212121212118,-5.46875
TinyStories validation,4,44,1,-0.4532738095238096,-0.4532738095238096,-0.16258431843985838,-0.5044733044733043,-3.90625
TinyStories validation,4,45,1,-0.10624999999999996,-0.0835227272727273,-0.030408406907657268,-0.07272727272727275,-0.78125
TinyStories validation,4,46,1,0.2907738095238095,0.2907738095238096,0.13059711715071537,0.2317460317460316,1.5625
TinyStories validation,4,47,1,-0.40833333333333327,-0.4083333333333333,-0.1352048884069757,-0.4060606060606061,-3.90625
TinyStories validation,4,48,1,-0.2362103174603174,-0.2049603174603175,-0.0901320912124583,-0.2317460317460316,-1.5625
TinyStories validation,4,49,1,-0.13432400932400929,-0.13782051282051283,-0.05157868934196496,-0.12804972804972792,-1.5625
TinyStories validation,4,50,1,-0.06944444444444442,-0.06944444444444448,-0.03009555738004012,-0.016161616161616044,0.0
TinyStories validation,4,51,1,-0.03125,-0.03125,0.005014399851356377,0.0,0.0
TinyStories validation,4,52,1,-0.4652777777777777,-0.46527777777777785,-0.14165538165538163,-0.3999999999999998,-3.90625
TinyStories validation,4,53,1,0.6062499999999998,0.5835227272727274,0.21867755478379602,0.5393939393939391,4.6875
TinyStories validation,4,54,1,-0.2847222222222222,-0.2847222222222222,-0.11223940477313793,-0.2727272727272727,-2.34375
TinyStories validation,4,55,1,0.4097222222222222,0.4097222222222222,0.11839696223316916,0.3999999999999999,3.125
TinyStories validation,4,56,1,0.09166666666666667,0.11944444444444441,0.03109874626178974,0.0888888888888888,0.78125
TinyStories validation,4,57,1,-0.5540764790764791,-0.5790764790764791,-0.19945471932492534,-0.48831168831168825,-3.90625
TinyStories validation,4,58,1,0.02847222222222212,0.0034722222222222654,-0.022629310344827555,0.0,0.0
TinyStories validation,4,59,1,-0.5256944444444445,-0.5256944444444445,-0.1475839438339438,-0.4888888888888887,-3.90625
TinyStories validation,4,60,1,0.5138888888888887,0.513888888888889,0.17862294366326625,0.5010101010101007,4.6875
TinyStories validation,4,61,1,-0.2861111111111112,-0.23838383838383842,-0.0574287050023375,-0.3111111111111111,-2.34375
TinyStories validation,4,62,1,-0.032638888888888884,-0.05763888888888885,-0.03175938206110619,-0.0888888888888888,-0.78125
TinyStories validation,4,63,1,-0.39722222222222214,-0.39722222222222225,-0.13437207850444777,-0.4121212121212119,-3.90625
TinyStories validation,4,64,1,0.09444444444444433,0.0944444444444445,0.06170248209228721,0.016161616161616044,0.0
TinyStories validation,4,65,1,-0.02430555555555547,-0.02430555555555558,0.00998949167052618,-0.050505050505050386,-0.78125
TinyStories validation,4,66,1,0.2979166666666667,0.29791666666666666,0.09177335345813603,0.28888888888888875,2.34375
TinyStories validation,4,67,1,0.16666666666666663,0.16666666666666669,0.05005456759489016,0.16161616161616155,1.5625
TinyStories validation,4,68,1,0.16388888888888875,0.16388888888888892,0.06542866559551763,0.16161616161616155,1.5625
TinyStories validation,4,69,1,0.6047619047619048,0.6047619047619048,0.19476600985221676,0.5968253968253967,3.90625
TinyStories validation,4,70,1,0.022222222222222254,0.0222222222222222,0.028274959742351058,0.07272727272727275,0.78125
TinyStories validation,4,71,1,-0.07499999999999996,-0.07500000000000001,-0.03379515599343186,-0.07272727272727275,-0.78125
TinyStories validation,4,72,1,0.1659722222222222,0.14324494949494954,0.04652030811235483,0.21212121212121193,2.34375
TinyStories validation,4,73,1,0.3027777777777777,0.3277777777777778,0.08011450395071082,0.2727272727272727,2.34375
TinyStories validation,4,74,1,0.12083333333333346,0.09583333333333333,0.006240389420674272,0.11111111111111116,0.78125
TinyStories validation,4,75,1,0.2305555555555555,0.20782828282828283,0.05904425062691189,0.25050505050505034,2.34375
TinyStories validation,4,76,1,0.01388888888888884,0.013888888888888895,0.00909899436039592,0.016161616161616044,0.0
TinyStories validation,4,77,1,-0.29454365079365086,-0.2945436507936508,-0.06310718267240006,-0.34285714285714275,-2.34375
TinyStories validation,4,78,1,-0.08819444444444446,-0.08819444444444446,0.01120544525716935,-0.0888888888888888,-0.78125
TinyStories validation,4,79,1,-0.19999999999999984,-0.20000000000000007,-0.09166666666666666,-0.13939393939393918,-1.5625
TinyStories validation,4,80,1,0.06458333333333333,0.0595328282828283,0.018321678321678303,0.03838383838383841,0.0
TinyStories validation,4,81,1,-0.15277777777777768,-0.1527777777777778,-0.023421382257589135,-0.1777777777777776,-1.5625
TinyStories validation,4,82,1,0.16666666666666663,0.16666666666666669,0.06573591724363115,0.16161616161616155,1.5625
TinyStories validation,4,83,1,-0.13749999999999996,-0.1375,-0.04785768190940605,-0.13333333333333341,-1.5625
TinyStories validation,4,84,1,-0.2388888888888887,-0.23888888888888893,-0.060500354981239554,-0.2343434343434343,-2.34375
TinyStories validation,4,85,1,0.13731060606060608,0.11458333333333331,0.0520458376802382,0.11111111111111116,0.78125
TinyStories validation,4,86,1,-0.09166666666666667,-0.09166666666666667,-0.061044812415220945,-0.0888888888888888,-0.78125
TinyStories validation,4,87,1,0.0,0.0,0.01139206419378834,0.0,0.0
TinyStories validation,4,88,1,0.06875000000000009,0.06874999999999998,0.01353114478114481,0.06060606060606066,0.78125
TinyStories validation,4,89,1,-0.1673611111111113,-0.16736111111111107,-0.05926236917616229,-0.1838383838383839,-1.5625
TinyStories validation,4,90,1,0.45972222222222237,0.4597222222222222,0.1692148431278866,0.4222222222222223,3.125
TinyStories validation,4,91,1,-0.547222222222222,-0.5263888888888889,-0.17303890340974737,-0.5333333333333332,-5.46875
TinyStories validation,4,92,1,-0.19999999999999996,-0.2,-0.07738683105999448,-0.19999999999999996,-1.5625
TinyStories validation,4,93,1,0.36805555555555547,0.3680555555555556,0.11463908058735645,0.38383838383838376,3.90625
TinyStories validation,4,94,1,-0.15555555555555556,-0.15555555555555556,-0.03826172231344645,-0.1777777777777776,-1.5625
TinyStories validation,4,95,1,0.06955128205128208,0.09227855477855473,0.014539106026788429,0.06744366744366725,0.78125
TinyStories validation,4,96,1,-0.02013888888888893,-0.020138888888888873,-0.01403602782913127,-0.016161616161616044,0.0
TinyStories validation,4,97,1,-0.23402777777777783,-0.23402777777777778,-0.08337475742648154,-0.19999999999999996,-1.5625
TinyStories validation,4,98,1,-0.04513888888888884,-0.022411616161616188,-0.002259643115183091,-0.10101010101010088,-0.78125
TinyStories validation,4,99,1,-0.09930555555555542,-0.09930555555555559,-0.04283839364658329,-0.12323232323232314,-1.5625
TinyStories validation,4,100,1,0.3368055555555557,0.3368055555555555,0.15264134014134018,0.3333333333333335,2.34375
TinyStories validation,4,101,1,-0.03888888888888897,-0.03888888888888886,0.010556311643268187,-0.0888888888888888,-0.78125
TinyStories validation,4,102,1,-0.2729166666666668,-0.27291666666666664,-0.08055213464696223,-0.28888888888888875,-2.34375
TinyStories validation,4,103,1,-0.6268037518037517,-0.6268037518037518,-0.23103373400137758,-0.5740259740259741,-6.25
TinyStories validation,4,104,1,0.11944444444444446,0.11944444444444446,0.07138567935891046,0.0888888888888888,0.78125
TinyStories validation,4,105,1,0.635218253968254,0.635218253968254,0.19497403017739617,0.7044733044733043,5.46875
TinyStories validation,4,106,1,0.11458333333333337,0.11458333333333331,0.023644179894179898,0.11111111111111116,0.78125
TinyStories validation,4,107,1,0.02499999999999991,0.025000000000000022,0.002262777532174076,0.0,0.0
TinyStories validation,4,108,1,0.3972222222222222,0.3763888888888889,0.12013763197586726,0.42222222222222217,3.90625
TinyStories validation,4,109,1,-0.11944444444444446,-0.11944444444444446,-0.03058748403575992,-0.0888888888888888,-0.78125
TinyStories validation,4,110,1,-0.5645833333333332,-0.5645833333333334,-0.20148670027702284,-0.523232323232323,-4.6875
TinyStories validation,4,111,1,-0.39236111111111116,-0.3923611111111111,-0.11110403579572221,-0.38383838383838387,-3.125
TinyStories validation,4,112,1,0.17847222222222214,0.17847222222222225,0.046425333925333906,0.19999999999999984,2.34375
TinyStories validation,4,113,1,-0.35119047619047616,-0.3511904761904763,-0.10414107832586092,-0.3206349206349204,-2.34375
TinyStories validation,4,114,1,-0.09236111111111112,-0.09236111111111112,-0.025303955165274478,-0.03838383838383841,0.0
TinyStories validation,4,115,1,-0.06358363858363875,-0.06358363858363864,-0.0047708422708422765,-0.06935286935286933,0.78125
TinyStories validation,4,116,1,0.3486111111111112,0.3486111111111111,0.10866015023623717,0.3111111111111111,2.34375
TinyStories validation,4,117,1,0.1785714285714286,0.1785714285714286,0.06111225141397557,0.1428571428571428,0.78125
TinyStories validation,4,118,1,0.32518939393939406,0.32518939393939394,0.12067511881888968,0.3616161616161615,3.125
TinyStories validation,4,119,1,-0.08333333333333326,-0.06060606060606066,-0.014502060838267744,-0.050505050505050386,-0.78125
TinyStories validation,4,120,1,0.125,0.125,0.06212760235345717,0.1454545454545455,1.5625
TinyStories validation,4,121,1,0.12569444444444466,0.1256944444444444,0.03337959083926825,0.14949494949494957,0.78125
TinyStories validation,4,122,1,0.2146825396825398,0.2146825396825397,0.09980209747916621,0.1812409812409812,0.78125
TinyStories validation,4,123,1,-0.12291666666666673,-0.12291666666666662,-0.033342466732426204,-0.1393939393939393,-0.78125
TinyStories validation,4,124,1,-0.513888888888889,-0.5138888888888888,-0.17144333815997984,-0.5111111111111111,-3.90625
TinyStories validation,4,125,1,-0.23402777777777783,-0.23402777777777778,-0.09901556776556777,-0.19999999999999996,-1.5625
TinyStories validation,4,126,1,-0.07499999999999996,-0.09999999999999998,-0.037073110079575616,-0.07272727272727275,-0.78125
TinyStories validation,4,127,1,0.16180555555555565,0.16180555555555554,0.030166829949438645,0.13333333333333353,0.78125
TinyStories validation,8,0,1,-0.02767857142857144,-0.027678571428571386,-0.0060617751894086365,-0.05714285714285716,-0.78125
TinyStories validation,8,1,1,0.30912698412698414,0.3341269841269841,0.04615704815093953,0.3266955266955267,2.34375
TinyStories validation,8,2,1,-0.30128205128205127,-0.329059829059829,-0.05827509355051728,-0.2735042735042734,-3.125
TinyStories validation,8,3,1,0.4258928571428573,0.4258928571428572,0.06103159247690615,0.4129870129870128,2.34375
TinyStories validation,8,4,1,1.0120039682539683,0.9842261904761906,0.16048661091230754,0.93015873015873,5.46875
TinyStories validation,8,5,1,0.5285714285714287,0.5285714285714286,0.07744246357546851,0.5428571428571427,3.90625
TinyStories validation,8,6,1,0.5217261904761905,0.5217261904761904,0.07650983984847094,0.5015873015873016,3.125
TinyStories validation,8,7,1,1.1794642857142859,1.1794642857142859,0.1889291533501903,1.184126984126984,7.03125
TinyStories validation,8,8,1,0.5791666666666668,0.5791666666666667,0.08560843952075185,0.6222222222222222,2.34375
TinyStories validation,8,9,1,0.39255952380952364,0.4203373015873014,0.06937909176209668,0.34603174603174613,0.78125
TinyStories validation,8,10,1,-0.2455357142857143,-0.2455357142857143,-0.02912643293081621,-0.2727272727272727,-2.34375
TinyStories validation,8,11,1,-0.1964285714285714,-0.1964285714285714,-0.0468113909974375,-0.19047619047619047,-0.78125
TinyStories validation,8,12,1,0.875,0.875,0.13960840132847774,0.8888888888888888,4.6875
TinyStories validation,8,13,1,-0.37678571428571406,-0.4017857142857142,-0.07075592373173226,-0.24761904761904763,-1.5625
TinyStories validation,8,14,1,-0.48611111111111116,-0.45833333333333337,-0.06309313555932972,-0.4444444444444444,-2.34375
TinyStories validation,8,15,1,0.03125,0.05625000000000002,0.04119826410952123,0.0,0.0
TinyStories validation,8,16,1,0.2619047619047621,0.26190476190476186,0.03916876779159731,0.20952380952380933,0.78125
TinyStories validation,8,17,1,0.617361111111111,0.617361111111111,0.10614209088048418,0.571717171717172,2.34375
TinyStories validation,8,18,1,0.7583333333333333,0.7356060606060606,0.08820782101944862,0.8060606060606059,5.46875
TinyStories validation,8,19,1,-0.19255952380952357,-0.22033730158730158,-0.013476181133336207,-0.1682539682539681,-0.78125
TinyStories validation,8,20,1,0.2574404761904763,0.2574404761904762,0.03623620899304053,0.25396825396825395,1.5625
TinyStories validation,8,21,1,-1.3732142857142857,-1.3232142857142857,-0.19323415665689136,-1.352380952380952,-7.8125
TinyStories validation,8,22,1,0.48750000000000004,0.4875,0.10002029341696,0.47272727272727266,3.90625
TinyStories validation,8,23,1,-0.5152777777777778,-0.5152777777777778,-0.07178905054844904,-0.47272727272727255,-2.34375
TinyStories validation,8,24,1,-0.4027777777777778,-0.4027777777777778,-0.05914374583155474,-0.33333333333333337,-3.125
TinyStories validation,8,25,1,1.0084325396825395,1.0084325396825398,0.1545915909248356,1.0317460317460316,5.46875
TinyStories validation,8,26,1,0.39582570207570217,0.3958257020757021,0.07176884879420597,0.38046398046398033,2.34375
TinyStories validation,8,27,1,0.8651785714285717,0.8651785714285716,0.1303794940178869,0.9523809523809523,5.46875
TinyStories validation,8,28,1,-0.4285714285714286,-0.45634920634920634,-0.07016182772715586,-0.4155844155844155,-3.125
TinyStories validation,8,29,1,0.25982142857142865,0.2598214285714286,0.0416523567162112,0.2822510822510821,1.5625
TinyStories validation,8,30,1,-0.5723214285714288,-0.5723214285714286,-0.06189464187267148,-0.6285714285714283,-3.90625
TinyStories validation,8,31,1,-0.23898809523809528,-0.23898809523809528,-0.02450636093928779,-0.2317460317460316,-1.5625
TinyStories validation,8,32,1,0.022916666666666696,0.02291666666666664,0.00022053907702995756,0.022222222222222365,0.0
TinyStories validation,8,33,1,0.2859217171717172,0.26319444444444445,0.044111253638831546,0.2282828282828281,1.5625
TinyStories validation,8,34,1,0.13065476190476188,0.16190476190476194,0.033848567448857385,0.12669552669552675,0.78125
TinyStories validation,8,35,1,0.324404761904762,0.2688492063492064,0.04721506079000118,0.3145743145743146,2.34375
TinyStories validation,8,36,1,0.37797619047619047,0.3779761904761904,0.059124778621915175,0.3015873015873016,1.5625
TinyStories validation,8,37,1,0.20733225108225106,0.20733225108225103,0.013424772478154295,0.22886002886002887,0.78125
TinyStories validation,8,38,1,0.05208333333333337,0.052083333333333315,0.035167308033687346,0.0505050505050505,0.0
TinyStories validation,8,39,1,-0.2727272727272727,-0.237012987012987,-0.06382874344500486,-0.2727272727272727,-2.34375
TinyStories validation,8,40,1,-0.28809523809523807,-0.28809523809523807,-0.05099111561223525,-0.27936507936507937,-3.125
TinyStories validation,8,41,1,0.05505050505050513,0.02727272727272731,-0.0012622335249368385,0.08282828282828292,-0.78125
TinyStories validation,8,42,1,1.042559523809524,1.042559523809524,0.18102255825262165,0.9907647907647907,7.8125
TinyStories validation,8,43,1,0.03660714285714284,0.03660714285714284,-0.01581306915814272,0.11428571428571455,-0.78125
TinyStories validation,8,44,1,-0.25396825396825407,-0.253968253968254,-0.039706631079465725,-0.25396825396825395,-1.5625
TinyStories validation,8,45,1,0.2901785714285715,0.2901785714285715,0.03758590664078469,0.2857142857142856,1.5625
TinyStories validation,8,46,1,0.38134920634920644,0.3813492063492064,0.06461707943915618,0.34285714285714275,2.34375
TinyStories validation,8,47,1,-0.01130952380952388,-0.01130952380952388,-0.004963831712892275,-0.04126984126984112,-0.78125
TinyStories validation,8,48,1,0.25396825396825407,0.253968253968254,0.027195059660745653,0.25396825396825395,1.5625
TinyStories validation,8,49,1,-0.3511904761904763,-0.3511904761904762,-0.06493567331481712,-0.39942279942279946,-3.125
TinyStories validation,8,50,1,0.798809523809524,0.773809523809524,0.12348383921789965,0.7746031746031743,5.46875
TinyStories validation,8,51,1,-0.06468253968253956,-0.06468253968253951,-0.015359719072177355,-0.02539682539682575,1.5625
TinyStories validation,8,52,1,0.7961309523809523,0.7961309523809523,0.11301278166695074,0.7777777777777777,3.90625
TinyStories validation,8,53,1,-0.08333333333333337,-0.08333333333333331,-0.009362777408662835,-0.11111111111111116,-0.78125
TinyStories validation,8,54,1,0.058630952380952395,0.05863095238095234,0.053421641546083996,0.022222222222222365,0.0
TinyStories validation,8,55,1,0.2599206349206349,0.25992063492063483,0.05654457427581253,0.19047619047619047,0.78125
TinyStories validation,8,56,1,0.22708333333333341,0.2270833333333333,0.01966123715518389,0.24444444444444446,0.78125
TinyStories validation,8,57,1,-0.12481060606060612,-0.12481060606060604,-0.004264354340539699,-0.1838383838383839,-1.5625
TinyStories validation,8,58,1,0.28125,0.28125,0.035600471266275156,0.2727272727272726,0.78125
TinyStories validation,8,59,1,1.0012987012987014,1.0012987012987014,0.12603481083731985,0.9489177489177487,6.25
TinyStories validation,8,60,1,0.6770833333333333,0.6770833333333333,0.13013432934768604,0.6666666666666665,3.125
TinyStories validation,8,61,1,0.6220238095238095,0.5992965367965368,0.07349066260121405,0.6378066378066376,3.90625
TinyStories validation,8,62,1,1.1645833333333333,1.1645833333333333,0.20367859477926092,1.183838383838384,7.8125
TinyStories validation,8,63,1,-0.5174603174603174,-0.5174603174603175,-0.07469793566440436,-0.5044733044733043,-3.90625
TinyStories validation,8,64,1,-0.02767857142857144,-0.027678571428571386,-0.0172605361124383,-0.05714285714285716,-0.78125
TinyStories validation,8,65,1,-1.1369047619047619,-1.1160714285714286,-0.1708946132526844,-1.1428571428571428,-7.03125
TinyStories validation,8,66,1,1.0761904761904764,1.0761904761904764,0.12864355812877268,1.1266955266955268,6.25
TinyStories validation,8,67,1,0.46478174603174616,0.4647817460317461,0.09249622032902258,0.39682539682539675,2.34375
TinyStories validation,8,68,1,-0.4391774891774891,-0.43690476190476196,-0.06368356130021444,-0.4034632034632034,-3.125
TinyStories validation,8,69,1,0.4354166666666667,0.4354166666666667,0.030495912058729355,0.42222222222222205,2.34375
TinyStories validation,8,70,1,0.8189484126984126,0.8189484126984127,0.12347491990048672,0.7965367965367964,4.6875
TinyStories validation,8,71,1,0.04861111111111094,0.04861111111111116,0.006426311783454625,0.11111111111111094,0.0
TinyStories validation,8,72,1,-1.0645833333333332,-1.0895833333333333,-0.18463971716628344,-1.0727272727272728,-7.03125
TinyStories validation,8,73,1,-0.05099206349206353,-0.05099206349206348,-0.024248426195289115,-0.05714285714285716,-0.78125
TinyStories validation,8,74,1,-0.5143939393939393,-0.5143939393939394,-0.08290404544714888,-0.42222222222222205,-2.34375
TinyStories validation,8,75,1,0.6083333333333332,0.6083333333333334,0.11702962459706431,0.5898989898989899,3.90625
TinyStories validation,8,76,1,-0.15208333333333324,-0.15208333333333335,-0.01171922765986036,-0.22828282828282798,-2.34375
TinyStories validation,8,77,1,0.786904761904762,0.786904761904762,0.12550502047812587,0.793362193362193,6.25
TinyStories validation,8,78,1,-0.26666666666666683,-0.2666666666666666,-0.03774717805942094,-0.282828282828283,-2.34375
TinyStories validation,8,79,1,0.5208333333333335,0.5565476190476191,0.07281122190675404,0.5396825396825395,3.125
TinyStories validation,8,80,1,0.0452380952380953,0.045238095238095244,0.05651857049954877,0.0034632034632035014,0.0
TinyStories validation,8,81,1,-0.16309523809523807,-0.19434523809523807,-0.0097177519547283,-0.2187590187590187,-2.34375
TinyStories validation,8,82,1,-0.31785714285714295,-0.3178571428571429,-0.050742873871092595,-0.34285714285714275,-2.34375
TinyStories validation,8,83,1,0.45457251082251093,0.4233225108225109,0.08976884741527971,0.44733044733044713,3.125
TinyStories validation,8,84,1,0.27827380952380953,0.3139880952380953,0.02047340348588949,0.30447330447330434,2.34375
TinyStories validation,8,85,1,0.07301587301587298,0.10873015873015879,0.013754618721237843,0.053968253968254,0.0
TinyStories validation,8,86,1,0.13958333333333328,0.13958333333333334,-0.004800702504852289,0.11111111111111116,0.78125
TinyStories validation,8,87,1,0.3833333333333333,0.3798611111111111,0.06808300149865168,0.3111111111111109,1.5625
TinyStories validation,8,88,1,0.5867153679653679,0.586715367965368,0.08301309803532145,0.577200577200577,4.6875
TinyStories validation,8,89,1,-0.411607142857143,-0.41160714285714284,-0.056901388538891685,-0.4539682539682539,-3.125
TinyStories validation,8,90,1,0.06646825396825418,0.06646825396825395,0.017852043674302806,0.031746031746031855,0.78125
TinyStories validation,8,91,1,-0.04017857142857151,-0.04017857142857134,0.0020675980782709907,0.03174603174603163,0.0
TinyStories validation,8,92,1,0.3080357142857143,0.3080357142857143,0.0032353654858081338,0.33333333333333326,1.5625
TinyStories validation,8,93,1,-0.8362103174603175,-0.8049603174603175,-0.16980722454915453,-0.8378066378066376,-5.46875
TinyStories validation,8,94,1,-0.24732142857142847,-0.24732142857142864,-0.04053444757990757,-0.21558441558441555,-1.5625
TinyStories validation,8,95,1,-0.314484126984127,-0.2832341269841271,-0.03139278525180005,-0.336219336219336,-2.34375
TinyStories validation,8,96,1,1.6092261904761904,1.6092261904761904,0.2950314225515839,1.536219336219336,10.9375
TinyStories validation,8,97,1,-0.19920634920634928,-0.19920634920634916,-0.048930070678550326,-0.19047619047619047,-0.78125
TinyStories validation,8,98,1,-0.14166666666666672,-0.14166666666666666,-0.04353025394251775,-0.16161616161616155,-1.5625
TinyStories validation,8,99,1,0.45833333333333337,0.4583333333333333,0.07482784228046294,0.4444444444444444,2.34375
TinyStories validation,8,100,1,0.8104166666666669,0.8104166666666668,0.11256670948275563,0.8507936507936507,5.46875
TinyStories validation,8,101,1,-0.23095238095238102,-0.23095238095238096,0.008549269589626735,-0.28888888888888875,-2.34375
TinyStories validation,8,102,1,-0.20625000000000004,-0.20625,-0.042615235749472194,-0.19999999999999996,-1.5625
TinyStories validation,8,103,1,-0.4801587301587301,-0.4801587301587302,-0.06515432057145548,-0.4444444444444444,-2.34375
TinyStories validation,8,104,1,0.8738095238095239,0.8788600288600289,0.145213248222262,0.847330447330447,6.25
TinyStories validation,8,105,1,0.03115079365079365,0.031150793650793596,-0.013577916042738752,0.05714285714285716,0.78125
TinyStories validation,8,106,1,0.36369047619047634,0.33244047619047623,0.03729869449209072,0.47619047619047605,2.34375
TinyStories validation,8,107,1,0.02768759018759015,0.027687590187590233,-0.012278476465742781,0.03174603174603163,0.0
TinyStories validation,8,108,1,-0.3159722222222222,-0.3159722222222222,-0.03795426122986375,-0.33333333333333326,-1.5625
TinyStories validation,8,109,1,0.39375000000000004,0.36597222222222225,0.08152798973791958,0.4222222222222223,3.125
TinyStories validation,8,110,1,-0.34017857142857144,-0.3401785714285714,-0.05424656125349121,-0.32987012987012987,-3.125
TinyStories validation,8,111,1,1.2404761904761905,1.2404761904761905,0.19208797689143267,1.2028860028860027,7.8125
TinyStories validation,8,112,1,0.7186507936507937,0.7186507936507935,0.13409395237203786,0.7238095238095237,3.90625
TinyStories validation,8,113,1,0.8779761904761904,0.8779761904761905,0.15329530553545972,0.857142857142857,3.90625
TinyStories validation,8,114,1,0.22232142857142845,0.2223214285714285,0.005353513356562145,0.18095238095238098,0.0
TinyStories validation,8,115,1,0.3520833333333334,0.3520833333333333,0.04917277474082659,0.3111111111111111,2.34375
TinyStories validation,8,116,1,0.523809523809524,0.47835497835497837,0.07899633995735228,0.5079365079365079,3.125
TinyStories validation,8,117,1,0.33690476190476193,0.33690476190476193,0.04788679948318285,0.3266955266955267,2.34375
TinyStories validation,8,118,1,0.46171536796536794,0.461715367965368,0.08097922502334268,0.4949494949494949,4.6875
TinyStories validation,8,119,1,-0.2702380952380953,-0.2702380952380953,-0.07063790969899028,-0.2317460317460316,-1.5625
TinyStories validation,8,120,1,0.2895833333333334,0.2895833333333333,0.024142268843155734,0.3111111111111111,2.34375
TinyStories validation,8,121,1,0.0357142857142857,0.0357142857142857,-0.014966199104302247,0.0,0.0
TinyStories validation,8,122,1,-0.0030753968253968145,-0.0030753968253968145,0.002635710608231541,0.0888888888888888,0.78125
TinyStories validation,8,123,1,-0.05565476190476193,-0.01994047619047623,0.005042112461274513,-0.053968253968254,0.0
TinyStories validation,8,124,1,-0.7102182539682541,-0.710218253968254,-0.10767295026836271,-0.7266955266955266,-5.46875
TinyStories validation,8,125,1,0.5333333333333332,0.5333333333333334,0.08183404446126577,0.5333333333333332,3.125
TinyStories validation,8,126,1,-0.013392857142857095,-0.013392857142857095,-0.014579763392410627,-0.0025974025974027093,-0.78125
TinyStories validation,8,127,1,-0.5024891774891775,-0.5024891774891775,-0.06914905901060586,-0.4695526695526695,-3.125
WikiText-103 test OOD,2,0,3,-0.015775890775890773,-0.01577589077589078,-0.01577589077589078,-0.022644022644022616,-0.2604166666666667
WikiText-103 test OOD,2,1,2,0.030022061272061196,0.030022061272061307,0.030022061272061307,-0.0036630036630035945,0.0
WikiText-103 test OOD,2,2,2,-0.016108891108891132,-0.005692224442224426,0.012092074592074613,-0.026640026640026737,-0.390625
WikiText-103 test OOD,2,3,2,-0.07757867132867133,-0.07757867132867133,-0.0975378787878788,-0.08624708624708627,-1.171875
WikiText-103 test OOD,2,4,2,-0.05769230769230768,-0.057692307692307696,-0.057692307692307696,-0.05594405594405594,-0.78125
WikiText-103 test OOD,2,5,2,-0.008730852480852508,-0.008730852480852473,-0.015078671328671321,0.0009990009990011317,0.0
WikiText-103 test OOD,2,6,3,-0.1689560439560439,-0.16346153846153846,-0.1742077367077367,-0.16428016428016426,-2.6041666666666665
WikiText-103 test OOD,2,7,2,-0.07277097902097901,-0.0631555944055944,-0.06606934731934731,-0.08158508158508154,-1.171875
WikiText-103 test OOD,2,8,2,-0.04415376290376288,-0.03453837828837829,-0.03962703962703963,-0.07326007326007322,-1.171875
WikiText-103 test OOD,2,9,2,-0.12310606060606064,-0.1231060606060606,-0.11749708624708623,-0.1421911421911422,-1.953125
WikiText-103 test OOD,2,10,2,-0.034163752913752926,-0.03416375291375291,-0.03977272727272728,-0.03496503496503506,-0.390625
WikiText-103 test OOD,2,11,2,-0.05689102564102563,-0.05689102564102564,-0.07102272727272729,-0.025641025641025605,-0.390625
WikiText-103 test OOD,2,12,2,-0.06913919413919412,-0.07875457875457878,-0.07532051282051283,-0.026640026640026737,-0.390625
WikiText-103 test OOD,2,13,3,-0.09216477966477966,-0.08575452325452326,-0.07647907647907647,-0.0910200910200909,-1.3020833333333333
WikiText-103 test OOD,2,14,1,0.06616300366300365,0.048305860805860815,0.048305860805860815,0.04395604395604402,0.78125
WikiText-103 test OOD,2,15,2,-0.13602022977022976,-0.14643689643689645,-0.15100524475524474,-0.14185814185814172,-2.34375
WikiText-103 test OOD,2,16,2,-0.04712995337995335,-0.04712995337995339,-0.05273892773892776,-0.05594405594405594,-0.78125
WikiText-103 test OOD,2,17,2,-0.0696969696969697,-0.06136363636363636,-0.06750541125541126,-0.06666666666666665,-1.171875
WikiText-103 test OOD,2,18,2,-0.025495337995338013,-0.025495337995337986,-0.01988636363636362,-0.05594405594405594,-0.78125
WikiText-103 test OOD,2,19,2,-0.13416375291375296,-0.1341637529137529,-0.12385531135531133,-0.15291375291375292,-2.34375
WikiText-103 test OOD,2,20,3,0.054063991563991574,0.0536061161061161,0.055014430014430016,0.05994005994005991,0.78125
WikiText-103 test OOD,2,21,2,-0.09629953379953377,-0.0962995337995338,-0.09651806526806526,-0.10256410256410242,-1.5625
WikiText-103 test OOD,2,22,2,-0.00400641025641027,-0.004006410256410256,-0.018138111888111902,0.025641025641025605,0.390625
WikiText-103 test OOD,2,23,2,-0.0625,-0.0625,-0.07393648018648019,-0.05128205128205121,-0.78125
WikiText-103 test OOD,2,24,2,-0.06330128205128202,-0.07371794871794872,-0.09928613053613056,-0.05128205128205121,-0.78125
WikiText-103 test OOD,2,25,2,0.17010073260073255,0.17090201465201468,0.14503205128205127,0.15484515484515476,2.34375
WikiText-103 test OOD,2,26,2,-0.023747086247086296,-0.023747086247086227,-0.023747086247086227,-0.05594405594405594,-0.78125
WikiText-103 test OOD,2,27,3,-0.008165445665445673,-0.01457570207570208,-0.023996836496836507,-0.014652014652014675,-0.2604166666666667
WikiText-103 test OOD,2,30,2,-0.01697261072261072,-0.01697261072261072,0.011290792540792571,-0.025641025641025605,-0.390625
WikiText-103 test OOD,2,31,2,-0.09200174825174828,-0.09200174825174824,-0.10104478854478854,-0.08158508158508154,-1.171875
WikiText-103 test OOD,2,32,3,0.005591630591630592,0.006583694083694076,-0.0004370629370629431,0.011544011544011523,0.2604166666666667
WikiText-103 test OOD,2,33,2,0.0081793206793207,0.008179320679320673,-0.00034340659340660606,0.03862803862803865,0.390625
WikiText-103 test OOD,2,34,2,-0.13229478854478852,-0.13229478854478854,-0.1410360472860473,-0.12920412920412916,-1.953125
WikiText-103 test OOD,2,35,2,-0.034163752913752954,-0.0341637529137529,-0.039772727272727265,-0.05594405594405594,-0.78125
WikiText-103 test OOD,2,36,2,-0.04071969696969696,-0.040719696969696975,-0.049242424242424254,-0.03030303030303033,-0.390625
WikiText-103 test OOD,2,37,2,-0.054716117216117216,-0.045787545787545784,-0.045787545787545784,-0.07326007326007322,-1.171875
WikiText-103 test OOD,2,38,2,-0.0584935897435897,-0.05849358974358976,-0.0557983682983683,-0.05594405594405594,-0.78125
WikiText-103 test OOD,2,39,3,-0.1545884670884671,-0.15657259407259408,-0.17993117993117994,-0.15207015207015198,-2.34375
WikiText-103 test OOD,2,40,2,-0.17693764568764567,-0.16732226107226109,-0.17584498834498835,-0.16317016317016309,-2.34375
WikiText-103 test OOD,2,41,2,-0.15455377955377955,-0.15455377955377955,-0.14894480519480519,-0.16416916416916422,-2.34375
WikiText-103 test OOD,2,42,2,-0.029876373626373576,-0.04990842490842493,-0.05018939393939394,-0.047619047619047616,-0.78125
WikiText-103 test OOD,2,43,2,0.08879662004662003,0.08879662004662005,0.08318764568764568,0.10722610722610715,1.5625
WikiText-103 test OOD,2,44,2,-0.043414918414918374,-0.04341491841491843,-0.05776515151515153,-0.02097902097902088,-0.390625
WikiText-103 test OOD,2,45,2,-0.07597610722610726,-0.07597610722610723,-0.09863053613053616,-0.05594405594405594,-0.78125
WikiText-103 test OOD,2,46,3,-0.06751581751581753,-0.06850788100788101,-0.05584693084693084,-0.06660006660006663,-1.0416666666666667
WikiText-103 test OOD,2,47,2,-0.02258158508158506,-0.022581585081585087,-0.03401806526806528,-0.02097902097902088,-0.390625
WikiText-103 test OOD,2,48,2,-0.07764110889110884,-0.0783279220779221,-0.09485306360306363,-0.0649350649350649,-1.171875
WikiText-103 test OOD,2,49,2,-0.046474358974358976,-0.0560897435897436,-0.08165792540792544,-0.025641025641025605,-0.390625
WikiText-103 test OOD,2,50,2,-0.041666666666666685,-0.04086538461538461,-0.05018939393939392,-0.05128205128205121,-0.78125
WikiText-103 test OOD,2,51,2,-0.11043123543123537,-0.12084790209790212,-0.12667540792540793,-0.10722610722610715,-1.5625
WikiText-103 test OOD,2,52,3,-0.05822649572649574,-0.06517094017094018,-0.06891025641025642,-0.03729603729603729,-0.5208333333333334
WikiText-103 test OOD,2,53,2,-0.10389610389610396,-0.09428071928071925,-0.06871253746253742,-0.15517815517815525,-1.953125
WikiText-103 test OOD,2,54,2,-0.05287004662004663,-0.05415209790209792,-0.06029387279387281,-0.010722610722610715,-0.390625
WikiText-103 test OOD,2,55,2,-0.1220238095238095,-0.12202380952380953,-0.13272144522144524,-0.10822510822510828,-1.5625
WikiText-103 test OOD,2,56,2,-0.03239468864468861,-0.042811355311355326,-0.07690226440226444,-0.02197802197802201,-0.390625
WikiText-103 test OOD,2,57,1,-0.17193223443223438,-0.17490842490842495,-0.208479020979021,-0.14652014652014644,-2.34375
WikiText-103 test OOD,2,58,2,-0.05843115218115219,-0.06953463203463203,-0.07805735930735931,-0.10822510822510828,-1.5625
WikiText-103 test OOD,2,59,2,-0.00400641025641027,-0.004006410256410256,-0.02374708624708627,0.025641025641025605,0.390625
WikiText-103 test OOD,2,60,3,-0.08766233766233766,-0.08766233766233766,-0.0929972804972805,-0.0861360861360861,-1.3020833333333333
WikiText-103 test OOD,2,61,2,-0.22585331335331332,-0.22585331335331335,-0.20724067599067597,-0.25181485181485175,-3.90625
WikiText-103 test OOD,4,0,3,-0.2311537999037999,-0.23115379990379992,-0.08868237055009802,-0.23597883597883593,-1.8229166666666667
WikiText-103 test OOD,4,1,2,-0.30248015873015877,-0.30248015873015877,-0.09073279151404152,-0.31890331890331886,-2.734375
WikiText-103 test OOD,4,2,2,-0.05615530303030297,-0.044791666666666674,0.001329258672180554,-0.08383838383838366,-0.78125
WikiText-103 test OOD,4,3,2,0.05233134920634919,0.05233134920634924,0.0017656822344322282,0.06334776334776332,0.78125
WikiText-103 test OOD,4,4,2,0.36031746031746037,0.3603174603174603,0.12629396664243212,0.33809523809523806,2.734375
WikiText-103 test OOD,4,5,2,-0.17777777777777765,-0.1777777777777778,-0.06414962352462353,-0.16161616161616155,-1.5625
WikiText-103 test OOD,4,6,3,-0.10601851851851851,-0.11296296296296297,-0.039341738384077084,-0.12390572390572392,-1.0416666666666667
WikiText-103 test OOD,4,7,2,-0.028472222222222177,-0.028472222222222218,-0.023811824736463226,-0.014141414141414288,-0.390625
WikiText-103 test OOD,4,8,2,0.25198863636363644,0.23948863636363638,0.1010995545324947,0.24747474747474746,2.34375
WikiText-103 test OOD,4,9,2,0.19693743756243756,0.184886988011988,0.064550466613391,0.184082584082584,1.171875
WikiText-103 test OOD,4,10,2,0.05466200466200469,0.07389277389277389,0.025666050303924083,0.0854700854700855,0.78125
WikiText-103 test OOD,4,11,2,-0.05590277777777769,-0.04548611111111113,-0.019630424123255844,-0.055555555555555525,-0.78125
WikiText-103 test OOD,4,12,2,-0.3547619047619048,-0.34226190476190477,-0.12514206843809178,-0.34920634920634896,-2.734375
WikiText-103 test OOD,4,13,3,-0.15747400747400747,-0.14989824989824993,-0.03748518035422464,-0.16789876789876787,-1.0416666666666667
WikiText-103 test OOD,4,14,1,0.10505050505050506,0.08232323232323233,0.01605384583693814,0.1777777777777776,1.5625
WikiText-103 test OOD,4,15,2,0.22698863636363625,0.2130997474747475,0.07723234130783571,0.2141414141414142,2.34375
WikiText-103 test OOD,4,16,2,0.22148268398268392,0.23284632034632036,0.0723679462930005,0.1795093795093794,1.171875
WikiText-103 test OOD,4,17,2,-0.1974657287157287,-0.17812049062049057,-0.05323030387368623,-0.24458874458874463,-2.734375
WikiText-103 test OOD,4,18,2,0.05451388888888897,0.05451388888888886,-0.002046413552253344,0.06666666666666676,0.390625
WikiText-103 test OOD,4,19,2,-0.2976641414141414,-0.3101641414141414,-0.0845132684424606,-0.32828282828282823,-3.125
WikiText-103 test OOD,4,20,3,0.1278709716209717,0.14470598845598845,0.03968576035237559,0.10601250601250593,0.2604166666666667
WikiText-103 test OOD,4,21,2,-0.062499999999999944,-0.0625,-0.02470393571147883,-0.0888888888888888,-0.78125
WikiText-103 test OOD,4,22,2,0.011458333333333348,0.01145833333333332,-0.0012018563367888827,0.011111111111111183,0.0
WikiText-103 test OOD,4,23,2,0.14434974747474755,0.14434974747474744,0.036532215719340906,0.16969696969696962,1.171875
WikiText-103 test OOD,4,24,2,0.04965277777777782,0.047127525252525226,0.004405834521199636,0.03636363636363643,0.0
WikiText-103 test OOD,4,25,2,-0.18115530303030292,-0.18115530303030303,-0.05004124108789771,-0.1898989898989899,-1.953125
WikiText-103 test OOD,4,26,2,0.10520833333333324,0.09270833333333336,0.05024915617588031,0.07777777777777761,0.78125
WikiText-103 test OOD,4,27,3,-0.18049242424242418,-0.17215909090909096,-0.04393533870482896,-0.19461279461279454,-2.0833333333333335
WikiText-103 test OOD,4,30,2,-0.1892361111111111,-0.1892361111111111,-0.039202899790184285,-0.20606060606060617,-2.34375
WikiText-103 test OOD,4,31,2,0.03333333333333338,0.04722222222222219,0.0045040801492414115,0.0444444444444444,0.390625
WikiText-103 test OOD,4,32,3,0.17060185185185192,0.1613425925925926,0.05761510619807484,0.17575757575757586,1.5625
WikiText-103 test OOD,4,33,2,-0.253125,-0.25659722222222225,-0.09858368152547677,-0.25252525252525254,-2.734375
WikiText-103 test OOD,4,34,2,0.004563492063492103,0.01706349206349206,0.013853342570561589,-0.02251082251082248,-0.78125
WikiText-103 test OOD,4,35,2,0.14756944444444442,0.14756944444444445,0.061333359675750994,0.14444444444444438,1.171875
WikiText-103 test OOD,4,36,2,0.3255997474747474,0.3255997474747475,0.12018406043190524,0.3060606060606059,2.734375
WikiText-103 test OOD,4,37,2,-0.05179924242424233,-0.051799242424242456,-0.024541294234182158,-0.01717171717171717,-0.390625
WikiText-103 test OOD,4,38,2,0.00694444444444442,0.0069444444444444475,-0.012410537710387783,0.008080808080808022,0.0
WikiText-103 test OOD,4,39,3,0.06405677655677657,0.050167887667887635,0.013845288690916462,0.10723350723350729,1.0416666666666667
WikiText-103 test OOD,4,40,2,-0.24459776334776345,-0.24459776334776334,-0.0744100345515112,-0.2572871572871573,-1.953125
WikiText-103 test OOD,4,41,2,-0.09687499999999993,-0.084375,-0.020796132043225814,-0.06666666666666671,-0.78125
WikiText-103 test OOD,4,42,2,-0.11240530303030294,-0.11240530303030308,-0.05080572091607905,-0.09797979797979794,-1.171875
WikiText-103 test OOD,4,43,2,-0.11136363636363644,-0.09747474747474746,-0.030816298338787088,-0.13636363636363635,-1.171875
WikiText-103 test OOD,4,44,2,-0.047074106449106395,-0.04593774281274279,-0.028121415621415638,-0.03597513597513602,0.0
WikiText-103 test OOD,4,45,2,0.09365530303030306,0.09365530303030302,0.020703965518176368,0.09191919191919196,0.78125
WikiText-103 test OOD,4,46,3,0.10730866355866354,0.10730866355866353,0.0069445633062211925,0.1256669256669256,0.78125
WikiText-103 test OOD,4,47,2,-0.01354166666666673,0.01032196969696969,0.009511433083177943,-0.02525252525252525,0.0
WikiText-103 test OOD,4,48,2,-0.0457386363636364,-0.045738636363636356,-0.022306611774722408,-0.07272727272727275,-0.78125
WikiText-103 test OOD,4,49,2,-0.04374999999999998,-0.029861111111111116,-0.01844906033474105,-0.05555555555555558,-0.390625
WikiText-103 test OOD,4,50,2,0.010416666666666685,0.010416666666666657,0.013211286980370787,0.02222222222222231,0.390625
WikiText-103 test OOD,4,51,2,-0.14082410644910634,-0.15332410644910646,-0.04593407358024292,-0.1175602175602175,-1.5625
WikiText-103 test OOD,4,52,3,-0.34269133644133637,-0.3343580031080031,-0.12933537897775121,-0.3261849261849263,-3.6458333333333335
WikiText-103 test OOD,4,53,2,-0.08055555555555549,-0.06805555555555556,-0.011882359339255903,-0.07777777777777761,-0.78125
WikiText-103 test OOD,4,54,2,-0.17083333333333323,-0.18333333333333335,-0.07130453870287076,-0.14141414141414144,-1.5625
WikiText-103 test OOD,4,55,2,0.08749999999999988,0.08750000000000004,0.02957375026201497,0.058585858585858464,0.390625
WikiText-103 test OOD,4,56,2,-0.3348169191919192,-0.3348169191919192,-0.10558358493564277,-0.37777777777777777,-3.515625
WikiText-103 test OOD,4,57,1,-0.10525030525030543,-0.12448107448107451,-0.03853096794273264,-0.11379731379731395,0.0
WikiText-103 test OOD,4,58,2,-0.1416666666666666,-0.1416666666666667,-0.05710412617601159,-0.12525252525252517,-1.171875
WikiText-103 test OOD,4,59,2,-0.4551670551670551,-0.4438034188034188,-0.15385808741273144,-0.44584304584304574,-4.6875
WikiText-103 test OOD,4,60,3,-0.4423967236467236,-0.4264876327376328,-0.1508173811249088,-0.4379694379694379,-4.166666666666667
WikiText-103 test OOD,4,61,2,-0.32932449494949484,-0.3283775252525253,-0.10943830561895773,-0.31212121212121197,-2.734375
WikiText-103 test OOD,8,0,3,0.23042328042328045,0.22284752284752288,0.047724905124188276,0.19894179894179895,1.8229166666666667
WikiText-103 test OOD,8,1,2,0.012797619047619058,0.01279761904761903,0.00043553371813980293,0.04776334776334773,-0.390625
WikiText-103 test OOD,8,2,2,-0.45803571428571427,-0.47192460317460316,-0.07688084187524513,-0.44920634920634905,-2.34375
WikiText-103 test OOD,8,3,2,0.15818452380952383,0.15818452380952375,0.032928324767629684,0.1288600288600289,0.0
WikiText-103 test OOD,8,4,2,0.17946879509379499,0.1919687950937951,0.03695500019832082,0.15223665223665217,1.171875
WikiText-103 test OOD,8,5,2,-0.25104166666666666,-0.25104166666666666,-0.03671181958819965,-0.21919191919191916,-1.5625
WikiText-103 test OOD,8,6,3,0.3309579309579311,0.34028540903540905,0.047933824549417026,0.3490805490805489,2.0833333333333335
WikiText-103 test OOD,8,7,2,-0.15888347763347765,-0.1588834776334776,-0.019960180705197797,-0.12655122655122658,-1.171875
WikiText-103 test OOD,8,8,2,0.12411616161616162,0.13661616161616158,0.016275839185488188,0.10909090909090913,1.171875
WikiText-103 test OOD,8,9,2,-0.24319985569985575,-0.22931096681096683,-0.02774947106721408,-0.26031746031746017,-1.953125
WikiText-103 test OOD,8,10,2,-0.23919483294483293,-0.22530594405594406,-0.05744266304260469,-0.19230769230769224,-1.171875
WikiText-103 test OOD,8,11,2,-0.25664682539682543,-0.2587301587301587,-0.037662568103550495,-0.27445887445887446,-2.34375
WikiText-103 test OOD,8,12,2,0.4271291208791209,0.4271291208791209,0.05133059109764063,0.4141858141858141,1.171875
WikiText-103 test OOD,8,13,3,0.3601521164021164,0.3694113756613757,0.048844240127264994,0.34372294372294365,2.6041666666666665
WikiText-103 test OOD,8,14,1,0.5044642857142856,0.5461309523809523,0.07215699177047862,0.4949494949494948,3.125
WikiText-103 test OOD,8,15,2,-0.6496076839826839,-0.662107683982684,-0.10270789176382936,-0.6219336219336219,-5.46875
WikiText-103 test OOD,8,16,2,0.15421626984126985,0.13859126984126985,0.02187534566949032,0.13304473304473297,1.171875
WikiText-103 test OOD,8,17,2,0.2059523809523809,0.20595238095238091,0.0427501655983682,0.13795093795093794,1.5625
WikiText-103 test OOD,8,18,2,-0.47886904761904764,-0.47886904761904764,-0.08350613400811888,-0.48383838383838373,-3.515625
WikiText-103 test OOD,8,19,2,-0.10114468864468862,-0.1115613553113553,-0.012994741964161324,-0.10818070818070824,-1.5625
WikiText-103 test OOD,8,20,3,0.17447089947089944,0.17447089947089953,0.01985120415656488,0.15651755651755647,1.3020833333333333
WikiText-103 test OOD,8,21,2,-0.13824404761904763,-0.13824404761904763,-0.030512104228583758,-0.11890331890331896,-0.78125
WikiText-103 test OOD,8,22,2,-0.07539682539682546,-0.0753968253968254,-0.013581599306166536,-0.046176046176046204,0.0
WikiText-103 test OOD,8,23,2,0.31562499999999993,0.31562500000000004,0.06964668341648861,0.2666666666666666,1.5625
WikiText-103 test OOD,8,24,2,0.08883928571428579,0.08883928571428568,0.008354249837820044,0.10649350649350653,0.78125
WikiText-103 test OOD,8,25,2,0.2378968253968255,0.24926046176046177,0.032875896266601284,0.21587301587301577,1.5625
WikiText-103 test OOD,8,26,2,0.05952380952380948,0.034271284271284314,0.007782606961419837,0.09523809523809523,0.390625
WikiText-103 test OOD,8,27,3,0.2588624338624339,0.25191798941798943,0.04145855430140368,0.2602212602212602,2.0833333333333335
WikiText-103 test OOD,8,30,2,0.24122023809523818,0.2525838744588744,0.0326476676540958,0.2633477633477633,1.171875
WikiText-103 test OOD,8,31,2,-0.3678120490620491,-0.3678120490620491,-0.04487897589823016,-0.3668109668109668,-2.734375
WikiText-103 test OOD,8,32,3,0.3752284752284753,0.3752284752284752,0.050118919795838934,0.37354497354497357,2.34375
WikiText-103 test OOD,8,33,2,-0.23055555555555562,-0.20669191919191923,-0.036826279314463514,-0.2222222222222222,-1.171875
WikiText-103 test OOD,8,34,2,-0.16334325396825405,-0.17584325396825393,-0.02436519675150361,-0.16666666666666674,-1.171875
WikiText-103 test OOD,8,35,2,0.4100243506493506,0.39752435064935066,0.07736738169558147,0.37445887445887444,3.125
WikiText-103 test OOD,8,36,2,0.15942460317460316,0.15942460317460316,0.03463644706214128,0.12380952380952376,0.0
WikiText-103 test OOD,8,37,2,0.9788690476190477,0.9788690476190476,0.15303078586843552,0.9825396825396824,5.859375
WikiText-103 test OOD,8,38,2,0.9872061965811966,0.9872061965811967,0.1583273759628292,0.9842268842268841,6.640625
WikiText-103 test OOD,8,39,3,-0.25376984126984115,-0.23710317460317457,-0.03079880326754242,-0.21366041366041358,-1.5625
WikiText-103 test OOD,8,40,2,-0.11032196969696961,-0.11032196969696974,-0.022233407031885262,-0.08080808080808072,-1.171875
WikiText-103 test OOD,8,41,2,-0.2946473665223666,-0.29464736652236656,-0.05756026984459334,-0.26507936507936514,-1.5625
WikiText-103 test OOD,8,42,2,0.15104166666666669,0.15104166666666666,0.024018527309800208,0.19696969696969696,0.0
WikiText-103 test OOD,8,43,2,0.45714285714285713,0.47276785714285713,0.054592511840416365,0.48383838383838373,3.515625
WikiText-103 test OOD,8,44,2,-0.020386904761904745,-0.020386904761904745,0.014200958050590379,-0.0349206349206348,-0.78125
WikiText-103 test OOD,8,45,2,0.2959866522366523,0.28462301587301586,0.042155535052735074,0.3189033189033189,2.34375
WikiText-103 test OOD,8,46,3,0.05489417989417992,0.054894179894179905,0.006875305241546885,0.03617123617123615,0.0
WikiText-103 test OOD,8,47,2,0.9151785714285714,0.9151785714285714,0.15006176212040045,0.9158730158730157,5.859375
WikiText-103 test OOD,8,48,2,0.02688041125541124,0.02688041125541124,-0.0017424102715341214,0.057287157287157275,-0.390625
WikiText-103 test OOD,8,49,2,0.13437500000000002,0.12301136363636364,0.021923681153932444,0.09999999999999998,0.78125
WikiText-103 test OOD,8,50,2,0.32266865079365087,0.3226686507936508,0.054153697767337014,0.28427128427128423,1.171875
WikiText-103 test OOD,8,51,2,-0.7952380952380953,-0.7827380952380953,-0.11266671767608602,-0.7761904761904761,-5.46875
WikiText-103 test OOD,8,52,3,0.04655830280830281,0.046558302808302844,0.01360974778338237,0.0451474451474451,0.0
WikiText-103 test OOD,8,53,2,0.4069940476190476,0.40699404761904767,0.06473259882641477,0.43001443001442996,2.734375
WikiText-103 test OOD,8,54,2,0.09593253968253967,0.09593253968253973,0.012081952470139271,0.141125541125541,1.171875
WikiText-103 test OOD,8,55,2,0.08854166666666669,0.10104166666666664,0.011907935828840473,0.097979797979798,0.78125
WikiText-103 test OOD,8,56,2,0.10124007936507937,0.09880501443001449,0.016027919621138177,0.1106782106782106,0.390625
WikiText-103 test OOD,8,57,1,0.7270833333333334,0.7270833333333333,0.13481720161621358,0.7050505050505049,3.125
WikiText-103 test OOD,8,58,2,0.21076388888888895,0.22118055555555555,0.04042107732806975,0.18888888888888883,1.171875
WikiText-103 test OOD,8,59,2,0.3410218253968254,0.3535218253968254,0.04559353752681539,0.3795093795093795,2.34375
WikiText-103 test OOD,8,60,3,-0.42341524216524223,-0.42341524216524223,-0.050851204866168453,-0.4245014245014245,-2.6041666666666665
WikiText-103 test OOD,8,61,2,-0.7240169552669553,-0.7240169552669553,-0.12516778291581068,-0.6855699855699854,-5.078125
