domain,gamma,prompt_index,cluster_id,accepted_prefix_improvement,accepted_beyond_first_improvement,acceptance_rate_improvement,emitted_tokens_improvement,verification_round_reduction
TinyStories validation,2,0,0,-0.17599067599067597,-0.19522144522144524,-0.1840034965034965,-0.17249417249417254,-2.34375
TinyStories validation,2,1,1,-0.059003496503496566,-0.07983682983682983,-0.074009324009324,-0.06060606060606066,-0.78125
TinyStories validation,2,2,2,-0.21605477855477856,-0.19682400932400934,-0.2138694638694639,-0.17249417249417254,-2.34375
TinyStories validation,2,3,3,-0.13432400932400929,-0.13432400932400934,-0.16841491841491846,-0.11188811188811187,-1.5625
TinyStories validation,2,4,4,-0.1477272727272727,-0.14772727272727273,-0.136509324009324,-0.10256410256410242,-1.5625
TinyStories validation,2,5,5,-0.09455128205128199,-0.09455128205128208,-0.11742424242424246,-0.05128205128205121,-0.78125
TinyStories validation,2,6,6,-0.10416666666666669,-0.0657051282051282,-0.06993006993006995,-0.10256410256410242,-1.5625
TinyStories validation,2,7,7,-0.18371212121212122,-0.18371212121212122,-0.15544871794871792,-0.181818181818182,-2.34375
TinyStories validation,2,8,8,-0.07211538461538464,-0.07371794871794873,-0.056672494172494176,-0.05128205128205121,-0.78125
TinyStories validation,2,9,9,0.04166666666666663,0.041666666666666685,0.05871212121212124,0.0,0.0
TinyStories validation,2,10,10,-0.06060606060606061,-0.06060606060606061,-0.06060606060606061,-0.06060606060606066,-0.78125
TinyStories validation,2,11,11,-0.2664835164835164,-0.24862637362637363,-0.23499417249417248,-0.2584082584082583,-3.90625
TinyStories validation,2,12,12,-0.017045454545454586,-0.01704545454545453,-0.01704545454545453,-0.06060606060606066,-0.78125
TinyStories validation,2,13,13,-0.11188811188811193,-0.11188811188811187,-0.1177156177156177,-0.11188811188811187,-1.5625
TinyStories validation,2,14,14,-0.10387529137529139,-0.10387529137529136,-0.09265734265734263,-0.16317016317016309,-2.34375
TinyStories validation,2,15,15,0.009324009324009341,0.009324009324009314,0.009324009324009314,0.05128205128205121,0.78125
TinyStories validation,2,16,16,0.1647727272727273,0.14554195804195805,0.15136946386946387,0.16317016317016309,2.34375
TinyStories validation,2,17,17,-0.09265734265734266,-0.09265734265734266,-0.047348484848484806,-0.11188811188811187,-1.5625
TinyStories validation,2,18,18,-0.020833333333333315,-0.020833333333333343,-0.032051282051282076,0.0,0.0
TinyStories validation,2,19,19,-0.05288461538461536,-0.07371794871794873,-0.0625,-0.05128205128205121,-0.78125
TinyStories validation,2,20,20,-0.14554195804195802,-0.14554195804195805,-0.15136946386946387,-0.16317016317016309,-2.34375
TinyStories validation,2,21,21,-0.04006410256410259,-0.059294871794871806,-0.09338578088578092,0.0,0.0
TinyStories validation,2,22,22,0.050990675990676027,0.03015734265734263,0.0018939393939393367,0.11188811188811187,1.5625
TinyStories validation,2,23,23,0.15515734265734266,0.15515734265734266,0.12689393939393936,0.17249417249417254,2.34375
TinyStories validation,2,24,24,0.08493589743589741,0.08493589743589744,0.0737179487179487,0.10256410256410242,1.5625
TinyStories validation,2,25,25,-0.03205128205128205,-0.03205128205128205,-0.049096736596736607,-0.05128205128205121,-0.78125
TinyStories validation,2,26,26,-0.13988095238095238,-0.13988095238095236,-0.1330128205128205,-0.1558441558441559,-2.34375
TinyStories validation,2,27,27,-0.21955128205128205,-0.21955128205128205,-0.18006993006993002,-0.2144522144522143,-3.125
TinyStories validation,2,28,28,-0.2857142857142857,-0.2664835164835165,-0.29953379953379955,-0.2584082584082583,-3.90625
TinyStories validation,2,29,29,-0.20833333333333331,-0.20833333333333334,-0.20294289044289043,-0.16317016317016309,-2.34375
TinyStories validation,2,30,30,-0.06060606060606061,-0.06060606060606061,-0.07182400932400934,-0.06060606060606066,-0.78125
TinyStories validation,2,31,31,-0.020833333333333315,-0.020833333333333343,-0.043706293706293725,0.0,0.0
TinyStories validation,2,32,32,-0.1856060606060606,-0.16477272727272727,-0.1477272727272727,-0.181818181818182,-2.34375
TinyStories validation,2,33,33,-0.009615384615384581,0.011217948717948706,-2.7755575615628914e-17,0.05128205128205121,0.78125
TinyStories validation,2,34,34,-0.08916083916083917,-0.08916083916083917,-0.1003787878787879,-0.06993006993007012,-0.78125
TinyStories validation,2,35,35,-0.013278388278388287,0.004578754578754576,0.018648018648018655,0.007326007326007189,0.0
TinyStories validation,2,36,36,-0.0525641025641026,-0.035897435897435895,-0.04235347985347987,-0.030769230769230882,-0.78125
TinyStories validation,2,37,37,-0.03205128205128205,-0.05288461538461539,-0.04166666666666666,-0.05128205128205121,-0.78125
TinyStories validation,2,38,38,-0.04356060606060602,-0.04356060606060608,-0.04356060606060608,0.0,0.0
TinyStories validation,2,39,39,0.03205128205128205,0.051282051282051294,0.04006410256410256,0.05128205128205121,0.78125
TinyStories validation,2,40,40,-0.12121212121212122,-0.12121212121212122,-0.13825757575757577,-0.12121212121212133,-1.5625
TinyStories validation,2,41,41,-0.14393939393939398,-0.14393939393939392,-0.14393939393939392,-0.16317016317016309,-2.34375
TinyStories validation,2,42,42,-0.09265734265734266,-0.09265734265734266,-0.09265734265734266,-0.11188811188811187,-1.5625
TinyStories validation,2,43,43,-0.062208624708624705,-0.04297785547785546,-0.018939393939393923,-0.10256410256410242,-1.5625
TinyStories validation,2,44,44,-0.1856060606060606,-0.1856060606060606,-0.13446969696969693,-0.181818181818182,-2.34375
TinyStories validation,2,45,45,-0.03205128205128205,-0.012820512820512803,0.0,-0.05128205128205121,-0.78125
TinyStories validation,2,46,46,-0.033945221445221385,-0.03394522144522147,-0.03394522144522147,0.009324009324009452,0.0
TinyStories validation,2,47,47,0.09265734265734266,0.09265734265734266,0.08143939393939392,0.11188811188811187,1.5625
TinyStories validation,2,48,48,0.0,0.0,0.02826340326340329,0.0,0.0
TinyStories validation,2,49,49,-0.17759324009324007,-0.15996503496503495,-0.1359265734265734,-0.2144522144522143,-3.125
TinyStories validation,2,50,50,0.023809523809523836,0.062499999999999986,0.021540959040959026,0.06060606060606066,0.78125
TinyStories validation,2,51,51,-0.11538461538461536,-0.11538461538461539,-0.12121212121212122,-0.11188811188811187,-1.5625
TinyStories validation,2,52,52,-0.19682400932400934,-0.1968240093240093,-0.17438811188811185,-0.2144522144522143,-3.125
TinyStories validation,2,53,53,-0.1006701631701632,-0.10067016317016317,-0.11771561771561773,-0.06060606060606066,-0.78125
TinyStories validation,2,54,54,-0.05128205128205132,-0.051282051282051266,-0.027368464868464837,-0.05128205128205121,-0.78125
TinyStories validation,2,55,55,0.022727272727272707,0.022727272727272735,0.022727272727272735,0.0,0.0
TinyStories validation,2,56,56,-0.03977272727272729,-0.039772727272727265,-0.022727272727272707,-0.06060606060606066,-0.78125
TinyStories validation,2,57,57,0.11349067599067597,0.07342657342657341,0.07342657342657341,0.11188811188811187,1.5625
TinyStories validation,2,58,58,-0.07211538461538464,-0.07211538461538461,-0.07794289044289043,-0.05128205128205121,-0.78125
TinyStories validation,2,59,59,-0.12310606060606061,-0.12310606060606061,-0.08901515151515149,-0.12121212121212133,-1.5625
TinyStories validation,2,60,60,-0.21765734265734266,-0.20002913752913754,-0.21008158508158511,-0.2144522144522143,-3.125
TinyStories validation,2,61,61,-0.13621794871794868,-0.11538461538461539,-0.12121212121212122,-0.11188811188811187,-1.5625
TinyStories validation,2,62,62,-0.2253787878787879,-0.22537878787878787,-0.2312062937062937,-0.22377622377622375,-3.125
TinyStories validation,2,63,63,-0.011217948717948734,-0.011217948717948706,2.7755575615628914e-17,-0.05128205128205121,-0.78125
TinyStories validation,2,64,64,-0.07182400932400934,-0.09265734265734266,-0.08143939393939392,-0.11188811188811187,-1.5625
TinyStories validation,2,65,65,-0.017045454545454586,-0.01704545454545453,-0.01704545454545453,-0.06060606060606066,-0.78125
TinyStories validation,2,66,66,-0.23093573093573094,-0.21010239760239757,-0.2543706293706294,-0.2071262071262071,-3.125
TinyStories validation,2,67,67,-0.07182400932400934,-0.07182400932400931,-0.04356060606060602,-0.11188811188811187,-1.5625
TinyStories validation,2,68,68,-0.1895604395604396,-0.19093406593406592,-0.19973776223776224,-0.14652014652014644,-2.34375
TinyStories validation,2,69,69,-0.06060606060606061,-0.06060606060606061,-0.04356060606060605,-0.06060606060606066,-0.78125
TinyStories validation,2,70,70,0.014880952380952384,0.01488095238095237,0.042103729603729614,0.03463203463203457,0.78125
TinyStories validation,2,71,71,-0.15326340326340326,-0.15326340326340326,-0.10795454545454541,-0.17249417249417254,-2.34375
TinyStories validation,2,72,72,-0.08143939393939392,-0.08143939393939395,-0.08143939393939395,-0.06060606060606066,-0.78125
TinyStories validation,2,73,73,-0.03977272727272729,-0.039772727272727265,-0.039772727272727265,-0.06060606060606066,-0.78125
TinyStories validation,2,74,74,0.018939393939393978,0.018939393939393923,0.0018939393939393645,0.06060606060606066,0.78125
TinyStories validation,2,75,75,-0.18371212121212127,-0.1837121212121212,-0.16666666666666663,-0.22377622377622375,-3.125
TinyStories validation,2,76,76,-0.054778554778554756,-0.07400932400932403,-0.05157342657342656,-0.05128205128205121,-0.78125
TinyStories validation,2,77,77,-0.1401515151515152,-0.14015151515151514,-0.12310606060606058,-0.181818181818182,-2.34375
TinyStories validation,2,78,78,-0.09294871794871795,-0.09294871794871795,-0.10999417249417251,-0.05128205128205121,-0.78125
TinyStories validation,2,79,79,-0.14204545454545459,-0.10198135198135197,-0.09076340326340324,-0.16317016317016309,-2.34375
TinyStories validation,2,80,80,-0.1474358974358974,-0.16666666666666669,-0.14423076923076922,-0.16317016317016309,-2.34375
TinyStories validation,2,81,81,0.020833333333333315,0.020833333333333343,0.0378787878787879,0.0,0.0
TinyStories validation,2,82,82,-0.14554195804195802,-0.14554195804195805,-0.1625874125874126,-0.16317016317016309,-2.34375
TinyStories validation,2,83,83,0.11349067599067597,0.09425990675990675,0.0772144522144522,0.11188811188811187,1.5625
TinyStories validation,2,84,84,0.059003496503496566,0.05900349650349648,0.06439393939393939,0.06060606060606066,0.78125
TinyStories validation,2,85,85,-0.01311188811188807,-0.013111888111888126,-0.03598484848484851,0.009324009324009452,0.0
TinyStories validation,2,86,86,-0.12660256410256404,-0.12660256410256412,-0.12121212121212122,-0.10256410256410242,-1.5625
TinyStories validation,2,87,87,-0.0018939393939393367,-0.00189393939393942,-0.035984848484848536,0.06060606060606066,0.78125
TinyStories validation,2,88,88,-0.12150349650349657,-0.12150349650349648,-0.10445804195804193,-0.12121212121212133,-1.5625
TinyStories validation,2,89,89,0.1247086247086247,0.10547785547785546,0.09848484848484848,0.16317016317016309,2.34375
TinyStories validation,2,90,90,-0.1003787878787879,-0.10037878787878787,-0.10037878787878787,-0.12121212121212133,-1.5625
TinyStories validation,2,91,91,-0.17003829503829504,-0.17003829503829504,-0.1461247086247086,-0.2071262071262071,-3.125
TinyStories validation,2,92,92,-0.13243006993006995,-0.13243006993006992,-0.10416666666666663,-0.17249417249417254,-2.34375
TinyStories validation,2,93,93,0.03205128205128205,0.012820512820512803,-0.017045454545454558,0.05128205128205121,0.78125
TinyStories validation,2,94,94,-0.07561188811188807,-0.07561188811188813,-0.09265734265734268,-0.05128205128205121,-0.78125
TinyStories validation,2,95,95,-0.31993006993006995,-0.3199300699300699,-0.2804487179487179,-0.3356643356643356,-4.6875
TinyStories validation,2,96,96,0.07371794871794868,0.09455128205128208,0.06628787878787878,0.05128205128205121,0.78125
TinyStories validation,2,97,97,-0.22887529137529133,-0.2288752913752914,-0.22348484848484848,-0.22377622377622375,-3.125
TinyStories validation,2,98,98,-0.01311188811188807,-0.013111888111888126,-0.007721445221445217,0.009324009324009452,0.0
TinyStories validation,2,99,99,-0.04166666666666663,-0.041666666666666685,-0.05871212121212124,0.0,0.0
TinyStories validation,2,100,100,-0.125,-0.125,-0.17613636363636367,-0.10256410256410242,-1.5625
TinyStories validation,2,101,101,-0.1003787878787879,-0.11960955710955712,-0.09134615384615383,-0.12121212121212133,-1.5625
TinyStories validation,2,102,102,-0.08143939393939392,-0.10227272727272729,-0.13825757575757577,-0.06060606060606066,-0.78125
TinyStories validation,2,103,103,-0.1474358974358974,-0.14743589743589744,-0.164481351981352,-0.16317016317016309,-2.34375
TinyStories validation,2,104,104,-0.09265734265734266,-0.09265734265734266,-0.09265734265734266,-0.11188811188811187,-1.5625
TinyStories validation,2,105,105,-0.08143939393939392,-0.08143939393939395,-0.08143939393939395,-0.06060606060606066,-0.78125
TinyStories validation,2,106,106,-0.07371794871794868,-0.07371794871794873,-0.1035839160839161,-0.05128205128205121,-0.78125
TinyStories validation,2,107,107,-0.23688811188811193,-0.23688811188811187,-0.270979020979021,-0.2144522144522143,-3.125
TinyStories validation,2,108,108,-0.08493589743589741,-0.0657051282051282,-0.08697552447552451,-0.10256410256410242,-1.5625
TinyStories validation,2,109,109,0.020833333333333315,0.0,-0.017045454545454558,0.0,0.0
TinyStories validation,2,110,110,-0.09265734265734266,-0.09265734265734266,-0.08143939393939392,-0.11188811188811187,-1.5625
TinyStories validation,2,111,111,-0.2192599067599067,-0.21925990675990678,-0.24213286713286716,-0.2144522144522143,-3.125
TinyStories validation,2,112,112,-0.09294871794871795,-0.09294871794871795,-0.12121212121212124,-0.05128205128205121,-0.78125
TinyStories validation,2,113,113,0.04166666666666663,0.041666666666666685,0.05871212121212124,0.0,0.0
TinyStories validation,2,114,114,-0.09265734265734266,-0.09265734265734266,-0.06439393939393936,-0.11188811188811187,-1.5625
TinyStories validation,2,115,115,-0.13432400932400934,-0.1343240093240093,-0.11727855477855476,-0.17249417249417254,-2.34375
TinyStories validation,2,116,116,-0.0077214452214452445,-0.007721445221445217,-0.053030303030303066,-0.009324009324009452,0.0
TinyStories validation,2,117,117,-0.09455128205128199,-0.09455128205128208,-0.11742424242424246,-0.05128205128205121,-0.78125
TinyStories validation,2,118,118,-0.13621794871794868,-0.11698717948717949,-0.13403263403263405,-0.11188811188811187,-1.5625
TinyStories validation,2,119,119,-0.09455128205128205,-0.0753205128205128,-0.08114801864801863,-0.09324009324009297,-1.5625
TinyStories validation,2,120,120,-0.0077214452214452445,-0.007721445221445217,-0.03598484848484851,-0.009324009324009452,0.0
TinyStories validation,2,121,121,-0.16637529137529133,-0.18720862470862473,-0.21008158508158511,-0.16317016317016309,-2.34375
TinyStories validation,2,122,122,-0.07561188811188807,-0.037150349650349634,-0.0056818181818182045,-0.05128205128205121,-0.78125
TinyStories validation,2,123,123,0.05871212121212127,0.05871212121212119,0.05288461538461536,0.12121212121212133,1.5625
TinyStories validation,2,124,124,-0.03205128205128205,-0.03205128205128205,-0.020833333333333315,-0.05128205128205121,-0.78125
TinyStories validation,2,125,125,-0.15721778221778226,-0.15859140859140858,-0.15034965034965034,-0.1558441558441559,-2.34375
TinyStories validation,2,126,126,-0.23659673659673663,-0.23659673659673658,-0.2141608391608391,-0.27505827505827496,-3.90625
TinyStories validation,2,127,127,0.0301573426573426,0.050990675990676027,0.050990675990676027,0.009324009324009452,0.0
TinyStories validation,4,0,0,-0.16746794871794862,-0.16746794871794876,-0.057096848401196276,-0.16239316239316226,-2.34375
TinyStories validation,4,1,1,-0.3208333333333334,-0.3208333333333333,-0.11001751871317086,-0.3111111111111111,-2.34375
TinyStories validation,4,2,2,-0.3291666666666665,-0.3291666666666667,-0.12440928324549015,-0.29494949494949496,-3.125
TinyStories validation,4,3,3,-0.3506944444444444,-0.3506944444444445,-0.14885324431801192,-0.28888888888888875,-2.34375
TinyStories validation,4,4,4,-0.3060606060606059,-0.3060606060606061,-0.11756425222081505,-0.25050505050505034,-2.34375
TinyStories validation,4,5,5,-0.2881944444444444,-0.2881944444444445,-0.12393149674399671,-0.2222222222222222,-2.34375
TinyStories validation,4,6,6,-0.3400883838383839,-0.3400883838383838,-0.09128871552127162,-0.3111111111111111,-2.34375
TinyStories validation,4,7,7,-0.22499999999999987,-0.22500000000000003,-0.06544629470978797,-0.19999999999999996,-1.5625
TinyStories validation,4,8,8,-0.02777777777777779,-0.02777777777777779,-0.0010714285714285565,0.0,0.0
TinyStories validation,4,9,9,0.0758838383838385,0.07588383838383836,0.031210648540592467,0.03838383838383841,0.0
TinyStories validation,4,10,10,-0.10902777777777795,-0.10902777777777772,-0.03329777418982817,-0.13333333333333353,-0.78125
TinyStories validation,4,11,11,0.31785714285714295,0.3178571428571429,0.06639591997628704,0.34285714285714275,2.34375
TinyStories validation,4,12,12,0.30079365079365084,0.30079365079365084,0.11718877187627189,0.2378066378066379,1.5625
TinyStories validation,4,13,13,-0.14494949494949483,-0.14494949494949497,-0.014884333676046704,-0.1454545454545455,-1.5625
TinyStories validation,4,14,14,-0.02013888888888893,-0.020138888888888873,-0.0283984533984534,-0.016161616161616044,0.0
TinyStories validation,4,15,15,-0.39236111111111105,-0.425189393939394,-0.14379387973137972,-0.43434343434343425,-3.90625
TinyStories validation,4,16,16,-0.1692550505050504,-0.14147727272727276,-0.05598861148430115,-0.1454545454545455,-1.5625
TinyStories validation,4,17,17,-0.3161616161616161,-0.3161616161616162,-0.0916850802696942,-0.3616161616161615,-3.125
TinyStories validation,4,18,18,-0.44652777777777786,-0.44652777777777775,-0.14647107723194677,-0.4666666666666669,-3.90625
TinyStories validation,4,19,19,-0.06091269841269842,-0.060912698412698474,-0.008313519314268922,-0.12063492063492043,-0.78125
TinyStories validation,4,20,20,-0.17500000000000004,-0.175,-0.07945079276601018,-0.19999999999999996,-1.5625
TinyStories validation,4,21,21,0.11458333333333337,0.11458333333333331,0.035497181964573285,0.11111111111111116,0.78125
TinyStories validation,4,22,22,0.057638888888888795,0.057638888888888906,0.01575276575276577,0.0888888888888888,0.78125
TinyStories validation,4,23,23,-0.3805555555555554,-0.3805555555555556,-0.11831986555562266,-0.37777777777777755,-3.125
TinyStories validation,4,24,24,-0.21736111111111112,-0.24513888888888885,-0.10154715596950627,-0.1838383838383839,-1.5625
TinyStories validation,4,25,25,-0.1356060606060605,-0.16060606060606067,-0.07051699124835945,-0.10505050505050484,-0.78125
TinyStories validation,4,26,26,0.15328282828282813,0.15328282828282833,0.09064072062994478,0.12323232323232314,1.5625
TinyStories validation,4,27,27,-0.3979166666666666,-0.375189393939394,-0.13134409620783372,-0.3616161616161615,-3.125
TinyStories validation,4,28,28,-0.13482905982905974,-0.1348290598290598,-0.02674501424501423,-0.18461538461538463,-2.34375
TinyStories validation,4,29,29,-0.07828282828282829,-0.07828282828282826,-0.0030965674110835367,-0.11111111111111116,-0.78125
TinyStories validation,4,30,30,-0.2333333333333334,-0.23333333333333334,-0.06003764753764754,-0.25050505050505034,-2.34375
TinyStories validation,4,31,31,-0.16300505050505054,-0.1630050505050505,-0.062485835923335925,-0.1393939393939393,-0.78125
TinyStories validation,4,32,32,-0.13888888888888895,-0.1388888888888889,-0.05065488470660884,-0.11111111111111116,-0.78125
TinyStories validation,4,33,33,-0.2581439393939392,-0.2581439393939394,-0.12391612773362422,-0.2343434343434343,-2.34375
TinyStories validation,4,34,34,-0.25,-0.27499999999999997,-0.09864595613518025,-0.2727272727272727,-2.34375
TinyStories validation,4,35,35,0.08333333333333337,0.08333333333333331,0.02391304347826087,0.11111111111111116,0.78125
TinyStories validation,4,36,36,-0.2833333333333332,-0.2833333333333334,-0.12433380084151471,-0.25050505050505034,-2.34375
TinyStories validation,4,37,37,0.06388888888888888,0.06388888888888888,0.05152345454257,0.0888888888888888,0.78125
TinyStories validation,4,38,38,0.3171717171717172,0.29444444444444445,0.11127937338491334,0.28888888888888875,2.34375
TinyStories validation,4,39,39,-0.07986111111111116,-0.0798611111111111,-0.02751904716066285,-0.0505050505050505,0.0
TinyStories validation,4,40,40,0.26249999999999996,0.2625,0.08647705394097824,0.2606060606060606,2.34375
TinyStories validation,4,41,41,-0.17013888888888884,-0.1701388888888889,-0.03068630833976102,-0.2222222222222222,-2.34375
TinyStories validation,4,42,42,0.0020833333333332704,0.00018939393939398919,0.007069543359865912,-0.03232323232323253,-0.78125
TinyStories validation,4,43,43,-0.5694444444444443,-0.5694444444444444,-0.17561341896895893,-0.6121212121212118,-5.46875
TinyStories validation,4,44,44,-0.4532738095238096,-0.4532738095238096,-0.16258431843985838,-0.5044733044733043,-3.90625
TinyStories validation,4,45,45,-0.10624999999999996,-0.0835227272727273,-0.030408406907657268,-0.07272727272727275,-0.78125
TinyStories validation,4,46,46,0.2907738095238095,0.2907738095238096,0.13059711715071537,0.2317460317460316,1.5625
TinyStories validation,4,47,47,-0.40833333333333327,-0.4083333333333333,-0.1352048884069757,-0.4060606060606061,-3.90625
TinyStories validation,4,48,48,-0.2362103174603174,-0.2049603174603175,-0.0901320912124583,-0.2317460317460316,-1.5625
TinyStories validation,4,49,49,-0.13432400932400929,-0.13782051282051283,-0.05157868934196496,-0.12804972804972792,-1.5625
TinyStories validation,4,50,50,-0.06944444444444442,-0.06944444444444448,-0.03009555738004012,-0.016161616161616044,0.0
TinyStories validation,4,51,51,-0.03125,-0.03125,0.005014399851356377,0.0,0.0
TinyStories validation,4,52,52,-0.4652777777777777,-0.46527777777777785,-0.14165538165538163,-0.3999999999999998,-3.90625
TinyStories validation,4,53,53,0.6062499999999998,0.5835227272727274,0.21867755478379602,0.5393939393939391,4.6875
TinyStories validation,4,54,54,-0.2847222222222222,-0.2847222222222222,-0.11223940477313793,-0.2727272727272727,-2.34375
TinyStories validation,4,55,55,0.4097222222222222,0.4097222222222222,0.11839696223316916,0.3999999999999999,3.125
TinyStories validation,4,56,56,0.09166666666666667,0.11944444444444441,0.03109874626178974,0.0888888888888888,0.78125
TinyStories validation,4,57,57,-0.5540764790764791,-0.5790764790764791,-0.19945471932492534,-0.48831168831168825,-3.90625
TinyStories validation,4,58,58,0.02847222222222212,0.0034722222222222654,-0.022629310344827555,0.0,0.0
TinyStories validation,4,59,59,-0.5256944444444445,-0.5256944444444445,-0.1475839438339438,-0.4888888888888887,-3.90625
TinyStories validation,4,60,60,0.5138888888888887,0.513888888888889,0.17862294366326625,0.5010101010101007,4.6875
TinyStories validation,4,61,61,-0.2861111111111112,-0.23838383838383842,-0.0574287050023375,-0.3111111111111111,-2.34375
TinyStories validation,4,62,62,-0.032638888888888884,-0.05763888888888885,-0.03175938206110619,-0.0888888888888888,-0.78125
TinyStories validation,4,63,63,-0.39722222222222214,-0.39722222222222225,-0.13437207850444777,-0.4121212121212119,-3.90625
TinyStories validation,4,64,64,0.09444444444444433,0.0944444444444445,0.06170248209228721,0.016161616161616044,0.0
TinyStories validation,4,65,65,-0.02430555555555547,-0.02430555555555558,0.00998949167052618,-0.050505050505050386,-0.78125
TinyStories validation,4,66,66,0.2979166666666667,0.29791666666666666,0.09177335345813603,0.28888888888888875,2.34375
TinyStories validation,4,67,67,0.16666666666666663,0.16666666666666669,0.05005456759489016,0.16161616161616155,1.5625
TinyStories validation,4,68,68,0.16388888888888875,0.16388888888888892,0.06542866559551763,0.16161616161616155,1.5625
TinyStories validation,4,69,69,0.6047619047619048,0.6047619047619048,0.19476600985221676,0.5968253968253967,3.90625
TinyStories validation,4,70,70,0.022222222222222254,0.0222222222222222,0.028274959742351058,0.07272727272727275,0.78125
TinyStories validation,4,71,71,-0.07499999999999996,-0.07500000000000001,-0.03379515599343186,-0.07272727272727275,-0.78125
TinyStories validation,4,72,72,0.1659722222222222,0.14324494949494954,0.04652030811235483,0.21212121212121193,2.34375
TinyStories validation,4,73,73,0.3027777777777777,0.3277777777777778,0.08011450395071082,0.2727272727272727,2.34375
TinyStories validation,4,74,74,0.12083333333333346,0.09583333333333333,0.006240389420674272,0.11111111111111116,0.78125
TinyStories validation,4,75,75,0.2305555555555555,0.20782828282828283,0.05904425062691189,0.25050505050505034,2.34375
TinyStories validation,4,76,76,0.01388888888888884,0.013888888888888895,0.00909899436039592,0.016161616161616044,0.0
TinyStories validation,4,77,77,-0.29454365079365086,-0.2945436507936508,-0.06310718267240006,-0.34285714285714275,-2.34375
TinyStories validation,4,78,78,-0.08819444444444446,-0.08819444444444446,0.01120544525716935,-0.0888888888888888,-0.78125
TinyStories validation,4,79,79,-0.19999999999999984,-0.20000000000000007,-0.09166666666666666,-0.13939393939393918,-1.5625
TinyStories validation,4,80,80,0.06458333333333333,0.0595328282828283,0.018321678321678303,0.03838383838383841,0.0
TinyStories validation,4,81,81,-0.15277777777777768,-0.1527777777777778,-0.023421382257589135,-0.1777777777777776,-1.5625
TinyStories validation,4,82,82,0.16666666666666663,0.16666666666666669,0.06573591724363115,0.16161616161616155,1.5625
TinyStories validation,4,83,83,-0.13749999999999996,-0.1375,-0.04785768190940605,-0.13333333333333341,-1.5625
TinyStories validation,4,84,84,-0.2388888888888887,-0.23888888888888893,-0.060500354981239554,-0.2343434343434343,-2.34375
TinyStories validation,4,85,85,0.13731060606060608,0.11458333333333331,0.0520458376802382,0.11111111111111116,0.78125
TinyStories validation,4,86,86,-0.09166666666666667,-0.09166666666666667,-0.061044812415220945,-0.0888888888888888,-0.78125
TinyStories validation,4,87,87,0.0,0.0,0.01139206419378834,0.0,0.0
TinyStories validation,4,88,88,0.06875000000000009,0.06874999999999998,0.01353114478114481,0.06060606060606066,0.78125
TinyStories validation,4,89,89,-0.1673611111111113,-0.16736111111111107,-0.05926236917616229,-0.1838383838383839,-1.5625
TinyStories validation,4,90,90,0.45972222222222237,0.4597222222222222,0.1692148431278866,0.4222222222222223,3.125
TinyStories validation,4,91,91,-0.547222222222222,-0.5263888888888889,-0.17303890340974737,-0.5333333333333332,-5.46875
TinyStories validation,4,92,92,-0.19999999999999996,-0.2,-0.07738683105999448,-0.19999999999999996,-1.5625
TinyStories validation,4,93,93,0.36805555555555547,0.3680555555555556,0.11463908058735645,0.38383838383838376,3.90625
TinyStories validation,4,94,94,-0.15555555555555556,-0.15555555555555556,-0.03826172231344645,-0.1777777777777776,-1.5625
TinyStories validation,4,95,95,0.06955128205128208,0.09227855477855473,0.014539106026788429,0.06744366744366725,0.78125
TinyStories validation,4,96,96,-0.02013888888888893,-0.020138888888888873,-0.01403602782913127,-0.016161616161616044,0.0
TinyStories validation,4,97,97,-0.23402777777777783,-0.23402777777777778,-0.08337475742648154,-0.19999999999999996,-1.5625
TinyStories validation,4,98,98,-0.04513888888888884,-0.022411616161616188,-0.002259643115183091,-0.10101010101010088,-0.78125
TinyStories validation,4,99,99,-0.09930555555555542,-0.09930555555555559,-0.04283839364658329,-0.12323232323232314,-1.5625
TinyStories validation,4,100,100,0.3368055555555557,0.3368055555555555,0.15264134014134018,0.3333333333333335,2.34375
TinyStories validation,4,101,101,-0.03888888888888897,-0.03888888888888886,0.010556311643268187,-0.0888888888888888,-0.78125
TinyStories validation,4,102,102,-0.2729166666666668,-0.27291666666666664,-0.08055213464696223,-0.28888888888888875,-2.34375
TinyStories validation,4,103,103,-0.6268037518037517,-0.6268037518037518,-0.23103373400137758,-0.5740259740259741,-6.25
TinyStories validation,4,104,104,0.11944444444444446,0.11944444444444446,0.07138567935891046,0.0888888888888888,0.78125
TinyStories validation,4,105,105,0.635218253968254,0.635218253968254,0.19497403017739617,0.7044733044733043,5.46875
TinyStories validation,4,106,106,0.11458333333333337,0.11458333333333331,0.023644179894179898,0.11111111111111116,0.78125
TinyStories validation,4,107,107,0.02499999999999991,0.025000000000000022,0.002262777532174076,0.0,0.0
TinyStories validation,4,108,108,0.3972222222222222,0.3763888888888889,0.12013763197586726,0.42222222222222217,3.90625
TinyStories validation,4,109,109,-0.11944444444444446,-0.11944444444444446,-0.03058748403575992,-0.0888888888888888,-0.78125
TinyStories validation,4,110,110,-0.5645833333333332,-0.5645833333333334,-0.20148670027702284,-0.523232323232323,-4.6875
TinyStories validation,4,111,111,-0.39236111111111116,-0.3923611111111111,-0.11110403579572221,-0.38383838383838387,-3.125
TinyStories validation,4,112,112,0.17847222222222214,0.17847222222222225,0.046425333925333906,0.19999999999999984,2.34375
TinyStories validation,4,113,113,-0.35119047619047616,-0.3511904761904763,-0.10414107832586092,-0.3206349206349204,-2.34375
TinyStories validation,4,114,114,-0.09236111111111112,-0.09236111111111112,-0.025303955165274478,-0.03838383838383841,0.0
TinyStories validation,4,115,115,-0.06358363858363875,-0.06358363858363864,-0.0047708422708422765,-0.06935286935286933,0.78125
TinyStories validation,4,116,116,0.3486111111111112,0.3486111111111111,0.10866015023623717,0.3111111111111111,2.34375
TinyStories validation,4,117,117,0.1785714285714286,0.1785714285714286,0.06111225141397557,0.1428571428571428,0.78125
TinyStories validation,4,118,118,0.32518939393939406,0.32518939393939394,0.12067511881888968,0.3616161616161615,3.125
TinyStories validation,4,119,119,-0.08333333333333326,-0.06060606060606066,-0.014502060838267744,-0.050505050505050386,-0.78125
TinyStories validation,4,120,120,0.125,0.125,0.06212760235345717,0.1454545454545455,1.5625
TinyStories validation,4,121,121,0.12569444444444466,0.1256944444444444,0.03337959083926825,0.14949494949494957,0.78125
TinyStories validation,4,122,122,0.2146825396825398,0.2146825396825397,0.09980209747916621,0.1812409812409812,0.78125
TinyStories validation,4,123,123,-0.12291666666666673,-0.12291666666666662,-0.033342466732426204,-0.1393939393939393,-0.78125
TinyStories validation,4,124,124,-0.513888888888889,-0.5138888888888888,-0.17144333815997984,-0.5111111111111111,-3.90625
TinyStories validation,4,125,125,-0.23402777777777783,-0.23402777777777778,-0.09901556776556777,-0.19999999999999996,-1.5625
TinyStories validation,4,126,126,-0.07499999999999996,-0.09999999999999998,-0.037073110079575616,-0.07272727272727275,-0.78125
TinyStories validation,4,127,127,0.16180555555555565,0.16180555555555554,0.030166829949438645,0.13333333333333353,0.78125
TinyStories validation,8,0,0,-0.02767857142857144,-0.027678571428571386,-0.0060617751894086365,-0.05714285714285716,-0.78125
TinyStories validation,8,1,1,0.30912698412698414,0.3341269841269841,0.04615704815093953,0.3266955266955267,2.34375
TinyStories validation,8,2,2,-0.30128205128205127,-0.329059829059829,-0.05827509355051728,-0.2735042735042734,-3.125
TinyStories validation,8,3,3,0.4258928571428573,0.4258928571428572,0.06103159247690615,0.4129870129870128,2.34375
TinyStories validation,8,4,4,1.0120039682539683,0.9842261904761906,0.16048661091230754,0.93015873015873,5.46875
TinyStories validation,8,5,5,0.5285714285714287,0.5285714285714286,0.07744246357546851,0.5428571428571427,3.90625
TinyStories validation,8,6,6,0.5217261904761905,0.5217261904761904,0.07650983984847094,0.5015873015873016,3.125
TinyStories validation,8,7,7,1.1794642857142859,1.1794642857142859,0.1889291533501903,1.184126984126984,7.03125
TinyStories validation,8,8,8,0.5791666666666668,0.5791666666666667,0.08560843952075185,0.6222222222222222,2.34375
TinyStories validation,8,9,9,0.39255952380952364,0.4203373015873014,0.06937909176209668,0.34603174603174613,0.78125
TinyStories validation,8,10,10,-0.2455357142857143,-0.2455357142857143,-0.02912643293081621,-0.2727272727272727,-2.34375
TinyStories validation,8,11,11,-0.1964285714285714,-0.1964285714285714,-0.0468113909974375,-0.19047619047619047,-0.78125
TinyStories validation,8,12,12,0.875,0.875,0.13960840132847774,0.8888888888888888,4.6875
TinyStories validation,8,13,13,-0.37678571428571406,-0.4017857142857142,-0.07075592373173226,-0.24761904761904763,-1.5625
TinyStories validation,8,14,14,-0.48611111111111116,-0.45833333333333337,-0.06309313555932972,-0.4444444444444444,-2.34375
TinyStories validation,8,15,15,0.03125,0.05625000000000002,0.04119826410952123,0.0,0.0
TinyStories validation,8,16,16,0.2619047619047621,0.26190476190476186,0.03916876779159731,0.20952380952380933,0.78125
TinyStories validation,8,17,17,0.617361111111111,0.617361111111111,0.10614209088048418,0.571717171717172,2.34375
TinyStories validation,8,18,18,0.7583333333333333,0.7356060606060606,0.08820782101944862,0.8060606060606059,5.46875
TinyStories validation,8,19,19,-0.19255952380952357,-0.22033730158730158,-0.013476181133336207,-0.1682539682539681,-0.78125
TinyStories validation,8,20,20,0.2574404761904763,0.2574404761904762,0.03623620899304053,0.25396825396825395,1.5625
TinyStories validation,8,21,21,-1.3732142857142857,-1.3232142857142857,-0.19323415665689136,-1.352380952380952,-7.8125
TinyStories validation,8,22,22,0.48750000000000004,0.4875,0.10002029341696,0.47272727272727266,3.90625
TinyStories validation,8,23,23,-0.5152777777777778,-0.5152777777777778,-0.07178905054844904,-0.47272727272727255,-2.34375
TinyStories validation,8,24,24,-0.4027777777777778,-0.4027777777777778,-0.05914374583155474,-0.33333333333333337,-3.125
TinyStories validation,8,25,25,1.0084325396825395,1.0084325396825398,0.1545915909248356,1.0317460317460316,5.46875
TinyStories validation,8,26,26,0.39582570207570217,0.3958257020757021,0.07176884879420597,0.38046398046398033,2.34375
TinyStories validation,8,27,27,0.8651785714285717,0.8651785714285716,0.1303794940178869,0.9523809523809523,5.46875
TinyStories validation,8,28,28,-0.4285714285714286,-0.45634920634920634,-0.07016182772715586,-0.4155844155844155,-3.125
TinyStories validation,8,29,29,0.25982142857142865,0.2598214285714286,0.0416523567162112,0.2822510822510821,1.5625
TinyStories validation,8,30,30,-0.5723214285714288,-0.5723214285714286,-0.06189464187267148,-0.6285714285714283,-3.90625
TinyStories validation,8,31,31,-0.23898809523809528,-0.23898809523809528,-0.02450636093928779,-0.2317460317460316,-1.5625
TinyStories validation,8,32,32,0.022916666666666696,0.02291666666666664,0.00022053907702995756,0.022222222222222365,0.0
TinyStories validation,8,33,33,0.2859217171717172,0.26319444444444445,0.044111253638831546,0.2282828282828281,1.5625
TinyStories validation,8,34,34,0.13065476190476188,0.16190476190476194,0.033848567448857385,0.12669552669552675,0.78125
TinyStories validation,8,35,35,0.324404761904762,0.2688492063492064,0.04721506079000118,0.3145743145743146,2.34375
TinyStories validation,8,36,36,0.37797619047619047,0.3779761904761904,0.059124778621915175,0.3015873015873016,1.5625
TinyStories validation,8,37,37,0.20733225108225106,0.20733225108225103,0.013424772478154295,0.22886002886002887,0.78125
TinyStories validation,8,38,38,0.05208333333333337,0.052083333333333315,0.035167308033687346,0.0505050505050505,0.0
TinyStories validation,8,39,39,-0.2727272727272727,-0.237012987012987,-0.06382874344500486,-0.2727272727272727,-2.34375
TinyStories validation,8,40,40,-0.28809523809523807,-0.28809523809523807,-0.05099111561223525,-0.27936507936507937,-3.125
TinyStories validation,8,41,41,0.05505050505050513,0.02727272727272731,-0.0012622335249368385,0.08282828282828292,-0.78125
TinyStories validation,8,42,42,1.042559523809524,1.042559523809524,0.18102255825262165,0.9907647907647907,7.8125
TinyStories validation,8,43,43,0.03660714285714284,0.03660714285714284,-0.01581306915814272,0.11428571428571455,-0.78125
TinyStories validation,8,44,44,-0.25396825396825407,-0.253968253968254,-0.039706631079465725,-0.25396825396825395,-1.5625
TinyStories validation,8,45,45,0.2901785714285715,0.2901785714285715,0.03758590664078469,0.2857142857142856,1.5625
TinyStories validation,8,46,46,0.38134920634920644,0.3813492063492064,0.06461707943915618,0.34285714285714275,2.34375
TinyStories validation,8,47,47,-0.01130952380952388,-0.01130952380952388,-0.004963831712892275,-0.04126984126984112,-0.78125
TinyStories validation,8,48,48,0.25396825396825407,0.253968253968254,0.027195059660745653,0.25396825396825395,1.5625
TinyStories validation,8,49,49,-0.3511904761904763,-0.3511904761904762,-0.06493567331481712,-0.39942279942279946,-3.125
TinyStories validation,8,50,50,0.798809523809524,0.773809523809524,0.12348383921789965,0.7746031746031743,5.46875
TinyStories validation,8,51,51,-0.06468253968253956,-0.06468253968253951,-0.015359719072177355,-0.02539682539682575,1.5625
TinyStories validation,8,52,52,0.7961309523809523,0.7961309523809523,0.11301278166695074,0.7777777777777777,3.90625
TinyStories validation,8,53,53,-0.08333333333333337,-0.08333333333333331,-0.009362777408662835,-0.11111111111111116,-0.78125
TinyStories validation,8,54,54,0.058630952380952395,0.05863095238095234,0.053421641546083996,0.022222222222222365,0.0
TinyStories validation,8,55,55,0.2599206349206349,0.25992063492063483,0.05654457427581253,0.19047619047619047,0.78125
TinyStories validation,8,56,56,0.22708333333333341,0.2270833333333333,0.01966123715518389,0.24444444444444446,0.78125
TinyStories validation,8,57,57,-0.12481060606060612,-0.12481060606060604,-0.004264354340539699,-0.1838383838383839,-1.5625
TinyStories validation,8,58,58,0.28125,0.28125,0.035600471266275156,0.2727272727272726,0.78125
TinyStories validation,8,59,59,1.0012987012987014,1.0012987012987014,0.12603481083731985,0.9489177489177487,6.25
TinyStories validation,8,60,60,0.6770833333333333,0.6770833333333333,0.13013432934768604,0.6666666666666665,3.125
TinyStories validation,8,61,61,0.6220238095238095,0.5992965367965368,0.07349066260121405,0.6378066378066376,3.90625
TinyStories validation,8,62,62,1.1645833333333333,1.1645833333333333,0.20367859477926092,1.183838383838384,7.8125
TinyStories validation,8,63,63,-0.5174603174603174,-0.5174603174603175,-0.07469793566440436,-0.5044733044733043,-3.90625
TinyStories validation,8,64,64,-0.02767857142857144,-0.027678571428571386,-0.0172605361124383,-0.05714285714285716,-0.78125
TinyStories validation,8,65,65,-1.1369047619047619,-1.1160714285714286,-0.1708946132526844,-1.1428571428571428,-7.03125
TinyStories validation,8,66,66,1.0761904761904764,1.0761904761904764,0.12864355812877268,1.1266955266955268,6.25
TinyStories validation,8,67,67,0.46478174603174616,0.4647817460317461,0.09249622032902258,0.39682539682539675,2.34375
TinyStories validation,8,68,68,-0.4391774891774891,-0.43690476190476196,-0.06368356130021444,-0.4034632034632034,-3.125
TinyStories validation,8,69,69,0.4354166666666667,0.4354166666666667,0.030495912058729355,0.42222222222222205,2.34375
TinyStories validation,8,70,70,0.8189484126984126,0.8189484126984127,0.12347491990048672,0.7965367965367964,4.6875
TinyStories validation,8,71,71,0.04861111111111094,0.04861111111111116,0.006426311783454625,0.11111111111111094,0.0
TinyStories validation,8,72,72,-1.0645833333333332,-1.0895833333333333,-0.18463971716628344,-1.0727272727272728,-7.03125
TinyStories validation,8,73,73,-0.05099206349206353,-0.05099206349206348,-0.024248426195289115,-0.05714285714285716,-0.78125
TinyStories validation,8,74,74,-0.5143939393939393,-0.5143939393939394,-0.08290404544714888,-0.42222222222222205,-2.34375
TinyStories validation,8,75,75,0.6083333333333332,0.6083333333333334,0.11702962459706431,0.5898989898989899,3.90625
TinyStories validation,8,76,76,-0.15208333333333324,-0.15208333333333335,-0.01171922765986036,-0.22828282828282798,-2.34375
TinyStories validation,8,77,77,0.786904761904762,0.786904761904762,0.12550502047812587,0.793362193362193,6.25
TinyStories validation,8,78,78,-0.26666666666666683,-0.2666666666666666,-0.03774717805942094,-0.282828282828283,-2.34375
TinyStories validation,8,79,79,0.5208333333333335,0.5565476190476191,0.07281122190675404,0.5396825396825395,3.125
TinyStories validation,8,80,80,0.0452380952380953,0.045238095238095244,0.05651857049954877,0.0034632034632035014,0.0
TinyStories validation,8,81,81,-0.16309523809523807,-0.19434523809523807,-0.0097177519547283,-0.2187590187590187,-2.34375
TinyStories validation,8,82,82,-0.31785714285714295,-0.3178571428571429,-0.050742873871092595,-0.34285714285714275,-2.34375
TinyStories validation,8,83,83,0.45457251082251093,0.4233225108225109,0.08976884741527971,0.44733044733044713,3.125
TinyStories validation,8,84,84,0.27827380952380953,0.3139880952380953,0.02047340348588949,0.30447330447330434,2.34375
TinyStories validation,8,85,85,0.07301587301587298,0.10873015873015879,0.013754618721237843,0.053968253968254,0.0
TinyStories validation,8,86,86,0.13958333333333328,0.13958333333333334,-0.004800702504852289,0.11111111111111116,0.78125
TinyStories validation,8,87,87,0.3833333333333333,0.3798611111111111,0.06808300149865168,0.3111111111111109,1.5625
TinyStories validation,8,88,88,0.5867153679653679,0.586715367965368,0.08301309803532145,0.577200577200577,4.6875
TinyStories validation,8,89,89,-0.411607142857143,-0.41160714285714284,-0.056901388538891685,-0.4539682539682539,-3.125
TinyStories validation,8,90,90,0.06646825396825418,0.06646825396825395,0.017852043674302806,0.031746031746031855,0.78125
TinyStories validation,8,91,91,-0.04017857142857151,-0.04017857142857134,0.0020675980782709907,0.03174603174603163,0.0
TinyStories validation,8,92,92,0.3080357142857143,0.3080357142857143,0.0032353654858081338,0.33333333333333326,1.5625
TinyStories validation,8,93,93,-0.8362103174603175,-0.8049603174603175,-0.16980722454915453,-0.8378066378066376,-5.46875
TinyStories validation,8,94,94,-0.24732142857142847,-0.24732142857142864,-0.04053444757990757,-0.21558441558441555,-1.5625
TinyStories validation,8,95,95,-0.314484126984127,-0.2832341269841271,-0.03139278525180005,-0.336219336219336,-2.34375
TinyStories validation,8,96,96,1.6092261904761904,1.6092261904761904,0.2950314225515839,1.536219336219336,10.9375
TinyStories validation,8,97,97,-0.19920634920634928,-0.19920634920634916,-0.048930070678550326,-0.19047619047619047,-0.78125
TinyStories validation,8,98,98,-0.14166666666666672,-0.14166666666666666,-0.04353025394251775,-0.16161616161616155,-1.5625
TinyStories validation,8,99,99,0.45833333333333337,0.4583333333333333,0.07482784228046294,0.4444444444444444,2.34375
TinyStories validation,8,100,100,0.8104166666666669,0.8104166666666668,0.11256670948275563,0.8507936507936507,5.46875
TinyStories validation,8,101,101,-0.23095238095238102,-0.23095238095238096,0.008549269589626735,-0.28888888888888875,-2.34375
TinyStories validation,8,102,102,-0.20625000000000004,-0.20625,-0.042615235749472194,-0.19999999999999996,-1.5625
TinyStories validation,8,103,103,-0.4801587301587301,-0.4801587301587302,-0.06515432057145548,-0.4444444444444444,-2.34375
TinyStories validation,8,104,104,0.8738095238095239,0.8788600288600289,0.145213248222262,0.847330447330447,6.25
TinyStories validation,8,105,105,0.03115079365079365,0.031150793650793596,-0.013577916042738752,0.05714285714285716,0.78125
TinyStories validation,8,106,106,0.36369047619047634,0.33244047619047623,0.03729869449209072,0.47619047619047605,2.34375
TinyStories validation,8,107,107,0.02768759018759015,0.027687590187590233,-0.012278476465742781,0.03174603174603163,0.0
TinyStories validation,8,108,108,-0.3159722222222222,-0.3159722222222222,-0.03795426122986375,-0.33333333333333326,-1.5625
TinyStories validation,8,109,109,0.39375000000000004,0.36597222222222225,0.08152798973791958,0.4222222222222223,3.125
TinyStories validation,8,110,110,-0.34017857142857144,-0.3401785714285714,-0.05424656125349121,-0.32987012987012987,-3.125
TinyStories validation,8,111,111,1.2404761904761905,1.2404761904761905,0.19208797689143267,1.2028860028860027,7.8125
TinyStories validation,8,112,112,0.7186507936507937,0.7186507936507935,0.13409395237203786,0.7238095238095237,3.90625
TinyStories validation,8,113,113,0.8779761904761904,0.8779761904761905,0.15329530553545972,0.857142857142857,3.90625
TinyStories validation,8,114,114,0.22232142857142845,0.2223214285714285,0.005353513356562145,0.18095238095238098,0.0
TinyStories validation,8,115,115,0.3520833333333334,0.3520833333333333,0.04917277474082659,0.3111111111111111,2.34375
TinyStories validation,8,116,116,0.523809523809524,0.47835497835497837,0.07899633995735228,0.5079365079365079,3.125
TinyStories validation,8,117,117,0.33690476190476193,0.33690476190476193,0.04788679948318285,0.3266955266955267,2.34375
TinyStories validation,8,118,118,0.46171536796536794,0.461715367965368,0.08097922502334268,0.4949494949494949,4.6875
TinyStories validation,8,119,119,-0.2702380952380953,-0.2702380952380953,-0.07063790969899028,-0.2317460317460316,-1.5625
TinyStories validation,8,120,120,0.2895833333333334,0.2895833333333333,0.024142268843155734,0.3111111111111111,2.34375
TinyStories validation,8,121,121,0.0357142857142857,0.0357142857142857,-0.014966199104302247,0.0,0.0
TinyStories validation,8,122,122,-0.0030753968253968145,-0.0030753968253968145,0.002635710608231541,0.0888888888888888,0.78125
TinyStories validation,8,123,123,-0.05565476190476193,-0.01994047619047623,0.005042112461274513,-0.053968253968254,0.0
TinyStories validation,8,124,124,-0.7102182539682541,-0.710218253968254,-0.10767295026836271,-0.7266955266955266,-5.46875
TinyStories validation,8,125,125,0.5333333333333332,0.5333333333333334,0.08183404446126577,0.5333333333333332,3.125
TinyStories validation,8,126,126,-0.013392857142857095,-0.013392857142857095,-0.014579763392410627,-0.0025974025974027093,-0.78125
TinyStories validation,8,127,127,-0.5024891774891775,-0.5024891774891775,-0.06914905901060586,-0.4695526695526695,-3.125
WikiText-103 test OOD,2,0,0,0.0,0.0,0.017045454545454558,0.0,0.0
WikiText-103 test OOD,2,1,0,-0.07182400932400934,-0.07182400932400931,-0.07182400932400931,-0.11188811188811187,-1.5625
WikiText-103 test OOD,2,2,0,0.02449633699633702,0.02449633699633698,0.007450882450882421,0.04395604395604402,0.78125
WikiText-103 test OOD,2,3,1,-0.0702214452214453,-0.07022144522144519,-0.07022144522144519,-0.11188811188811187,-1.5625
WikiText-103 test OOD,2,4,1,0.1302655677655677,0.1302655677655678,0.1302655677655678,0.10456210456210469,1.5625
WikiText-103 test OOD,2,5,2,-0.1040417915417916,-0.10404179154179151,-0.07430069930069925,-0.16516816516816535,-2.34375
WikiText-103 test OOD,2,6,2,0.07182400932400934,0.09265734265734266,0.09848484848484848,0.11188811188811187,1.5625
WikiText-103 test OOD,2,7,3,-0.15326340326340326,-0.15326340326340326,-0.17613636363636365,-0.17249417249417254,-2.34375
WikiText-103 test OOD,2,8,3,-0.0018939393939393923,-0.0018939393939393923,-0.01893939393939395,0.0,0.0
WikiText-103 test OOD,2,9,4,-0.03977272727272729,-0.039772727272727265,-0.039772727272727265,-0.06060606060606066,-0.78125
WikiText-103 test OOD,2,10,4,-0.07561188811188807,-0.07561188811188813,-0.07561188811188813,-0.05128205128205121,-0.78125
WikiText-103 test OOD,2,11,5,-0.02518315018315026,-0.025183150183150163,-0.04909673659673659,-0.007326007326007189,0.0
WikiText-103 test OOD,2,12,5,0.0077214452214452445,0.007721445221445217,0.01893939393939395,0.009324009324009452,0.0
WikiText-103 test OOD,2,13,6,-0.12431318681318676,-0.1256868131868132,-0.1292249417249417,-0.13919413919413925,-2.34375
WikiText-103 test OOD,2,14,6,-0.382554945054945,-0.36469780219780223,-0.3593073593073593,-0.35364635364635355,-5.46875
WikiText-103 test OOD,2,15,6,0.0,0.0,-0.034090909090909116,0.0,0.0
WikiText-103 test OOD,2,16,7,-0.10576923076923073,-0.08653846153846154,-0.10941142191142192,-0.10256410256410242,-1.5625
WikiText-103 test OOD,2,17,7,-0.03977272727272729,-0.039772727272727265,-0.022727272727272707,-0.06060606060606066,-0.78125
WikiText-103 test OOD,2,18,8,-0.05625624375624372,-0.05625624375624377,-0.06643356643356646,-0.09523809523809523,-1.5625
WikiText-103 test OOD,2,19,8,-0.03205128205128205,-0.012820512820512803,-0.012820512820512803,-0.05128205128205121,-0.78125
WikiText-103 test OOD,2,20,9,-0.1003787878787879,-0.10037878787878787,-0.10037878787878787,-0.12121212121212133,-1.5625
WikiText-103 test OOD,2,21,9,-0.14583333333333337,-0.14583333333333331,-0.13461538461538458,-0.16317016317016309,-2.34375
WikiText-103 test OOD,2,22,10,-0.12121212121212122,-0.12121212121212122,-0.13825757575757577,-0.12121212121212133,-1.5625
WikiText-103 test OOD,2,23,10,0.05288461538461536,0.05288461538461539,0.058712121212121215,0.05128205128205121,0.78125
WikiText-103 test OOD,2,24,11,-0.13026556776556775,-0.13026556776556775,-0.14044289044289043,-0.14652014652014644,-2.34375
WikiText-103 test OOD,2,25,11,0.01648351648351648,0.016483516483516467,-0.0016025641025641385,0.09523809523809523,1.5625
WikiText-103 test OOD,2,26,12,-0.06616300366300365,-0.08539377289377291,-0.06148018648018648,-0.04395604395604402,-0.78125
WikiText-103 test OOD,2,27,12,-0.07211538461538458,-0.07211538461538464,-0.0891608391608392,-0.009324009324009452,0.0
WikiText-103 test OOD,2,28,13,-0.08493589743589741,-0.08493589743589744,-0.07954545454545453,-0.10256410256410242,-1.5625
WikiText-103 test OOD,2,29,13,-0.11944305694305696,-0.10021228771228773,-0.08899433899433899,-0.11921411921411906,-1.5625
WikiText-103 test OOD,2,30,13,-0.07211538461538464,-0.07211538461538461,-0.060897435897435875,-0.05128205128205121,-0.78125
WikiText-103 test OOD,2,31,14,0.06616300366300365,0.048305860805860815,0.048305860805860815,0.04395604395604402,0.78125
WikiText-103 test OOD,2,32,15,-0.17599067599067603,-0.1968240093240093,-0.18560606060606058,-0.2144522144522143,-3.125
WikiText-103 test OOD,2,33,15,-0.0960497835497835,-0.09604978354978355,-0.11640442890442892,-0.06926406926406914,-1.5625
WikiText-103 test OOD,2,34,16,-0.14554195804195802,-0.14554195804195805,-0.1343240093240093,-0.16317016317016309,-2.34375
WikiText-103 test OOD,2,35,16,0.05128205128205132,0.051282051282051266,0.0288461538461538,0.05128205128205121,0.78125
WikiText-103 test OOD,2,36,17,-0.041666666666666685,-0.04166666666666666,-0.0246212121212121,-0.06060606060606066,-0.78125
WikiText-103 test OOD,2,37,17,-0.09772727272727272,-0.08106060606060607,-0.11038961038961043,-0.07272727272727264,-1.5625
WikiText-103 test OOD,2,38,18,-0.03977272727272729,-0.039772727272727265,-0.039772727272727265,-0.06060606060606066,-0.78125
WikiText-103 test OOD,2,39,18,-0.011217948717948734,-0.011217948717948706,2.7755575615628914e-17,-0.05128205128205121,-0.78125
WikiText-103 test OOD,2,40,19,-0.049096736596736634,-0.04909673659673658,-0.020833333333333287,-0.11188811188811187,-1.5625
WikiText-103 test OOD,2,41,19,-0.21923076923076928,-0.21923076923076923,-0.22687728937728938,-0.19393939393939397,-3.125
WikiText-103 test OOD,2,42,20,-0.034632034632034625,-0.016774891774891762,-0.005556943056943028,-0.03463203463203457,-0.78125
WikiText-103 test OOD,2,43,20,0.028554778554778615,0.02855477855477853,0.04560023310023309,0.05128205128205121,0.78125
WikiText-103 test OOD,2,44,20,0.16826923076923073,0.14903846153846154,0.125,0.16317016317016309,2.34375
WikiText-103 test OOD,2,45,21,-0.054778554778554756,-0.05477855477855478,-0.05477855477855478,-0.05128205128205121,-0.78125
WikiText-103 test OOD,2,46,21,-0.13782051282051277,-0.13782051282051283,-0.13825757575757575,-0.15384615384615363,-2.34375
WikiText-103 test OOD,2,47,22,-0.020833333333333315,-0.020833333333333343,-0.0378787878787879,0.0,0.0
WikiText-103 test OOD,2,48,22,0.012820512820512775,0.01282051282051283,0.0016025641025640969,0.05128205128205121,0.78125
WikiText-103 test OOD,2,49,23,-0.020833333333333315,-0.020833333333333343,-0.05492424242424246,0.0,0.0
WikiText-103 test OOD,2,50,23,-0.10416666666666669,-0.10416666666666666,-0.09294871794871792,-0.10256410256410242,-1.5625
WikiText-103 test OOD,2,51,24,-0.0016025641025640414,-0.0016025641025640969,-0.02986596736596739,0.0,0.0
WikiText-103 test OOD,2,52,24,-0.125,-0.14583333333333334,-0.16870629370629373,-0.10256410256410242,-1.5625
WikiText-103 test OOD,2,53,25,0.2232142857142857,0.22481684981684985,0.20673076923076922,0.19780219780219765,3.125
WikiText-103 test OOD,2,54,25,0.1169871794871794,0.11698717948717952,0.08333333333333331,0.11188811188811187,1.5625
WikiText-103 test OOD,2,55,26,-0.11159673659673663,-0.11159673659673658,-0.10037878787878785,-0.17249417249417254,-2.34375
WikiText-103 test OOD,2,56,26,0.06410256410256404,0.06410256410256412,0.05288461538461539,0.06060606060606066,0.78125
WikiText-103 test OOD,2,57,27,0.06060606060606061,0.06060606060606061,0.02651515151515149,0.06060606060606066,0.78125
WikiText-103 test OOD,2,58,27,0.03205128205128205,0.03205128205128205,0.020833333333333315,0.05128205128205121,0.78125
WikiText-103 test OOD,2,59,27,-0.11715367965367968,-0.1363844488844489,-0.11933899433899432,-0.1558441558441559,-2.34375
WikiText-103 test OOD,2,60,30,0.08143939393939392,0.08143939393939395,0.1267482517482518,0.06060606060606066,0.78125
WikiText-103 test OOD,2,61,30,-0.11538461538461536,-0.11538461538461539,-0.10416666666666666,-0.11188811188811187,-1.5625
WikiText-103 test OOD,2,62,31,-0.059003496503496566,-0.05900349650349648,-0.0361305361305361,-0.06060606060606066,-0.78125
WikiText-103 test OOD,2,63,31,-0.125,-0.125,-0.165959040959041,-0.10256410256410242,-1.5625
WikiText-103 test OOD,2,64,32,0.024329836829836804,0.02593240093240093,0.030157342657342684,0.04195804195804176,0.78125
WikiText-103 test OOD,2,65,32,0.033820346320346306,0.03519397269397269,0.009906759906759877,0.053280053280053474,0.78125
WikiText-103 test OOD,2,66,32,-0.041375291375291334,-0.04137529137529139,-0.04137529137529139,-0.06060606060606066,-0.78125
WikiText-103 test OOD,2,67,33,-0.01311188811188807,-0.013111888111888126,-0.03598484848484851,0.009324009324009452,0.0
WikiText-103 test OOD,2,68,33,0.029470529470529472,0.029470529470529472,0.035298035298035296,0.06793206793206785,0.78125
WikiText-103 test OOD,2,69,34,-0.16637529137529133,-0.1663752913752914,-0.17803030303030304,-0.16317016317016309,-2.34375
WikiText-103 test OOD,2,70,34,-0.0982142857142857,-0.09821428571428571,-0.10404179154179154,-0.09523809523809523,-1.5625
WikiText-103 test OOD,2,71,35,-0.009324009324009341,-0.009324009324009314,-0.009324009324009314,-0.05128205128205121,-0.78125
WikiText-103 test OOD,2,72,35,-0.059003496503496566,-0.05900349650349648,-0.07022144522144522,-0.06060606060606066,-0.78125
WikiText-103 test OOD,2,73,36,0.0,0.0,0.0,0.0,0.0
WikiText-103 test OOD,2,74,36,-0.08143939393939392,-0.08143939393939395,-0.09848484848484851,-0.06060606060606066,-0.78125
WikiText-103 test OOD,2,75,37,-0.07738095238095238,-0.05952380952380952,-0.05952380952380952,-0.09523809523809523,-1.5625
WikiText-103 test OOD,2,76,37,-0.03205128205128205,-0.03205128205128205,-0.03205128205128205,-0.05128205128205121,-0.78125
WikiText-103 test OOD,2,77,38,-0.012820512820512775,-0.01282051282051283,-0.007430069930069921,-0.05128205128205121,-0.78125
WikiText-103 test OOD,2,78,38,-0.10416666666666663,-0.10416666666666669,-0.10416666666666669,-0.06060606060606066,-0.78125
WikiText-103 test OOD,2,79,39,-0.2666500166500167,-0.25176906426906426,-0.25176906426906426,-0.30236430236430234,-4.6875
WikiText-103 test OOD,2,80,39,-0.1647727272727273,-0.1856060606060606,-0.23863636363636365,-0.16317016317016309,-2.34375
WikiText-103 test OOD,2,81,39,-0.032342657342657344,-0.032342657342657344,-0.0493881118881119,0.009324009324009452,0.0
WikiText-103 test OOD,2,82,40,-0.14554195804195802,-0.1263111888111888,-0.113490675990676,-0.16317016317016309,-2.34375
WikiText-103 test OOD,2,83,40,-0.20833333333333331,-0.20833333333333337,-0.23819930069930073,-0.16317016317016309,-2.34375
WikiText-103 test OOD,2,84,41,-0.28667166167166175,-0.28667166167166164,-0.2696262071262071,-0.32833832833832843,-4.6875
WikiText-103 test OOD,2,85,41,-0.022435897435897356,-0.022435897435897467,-0.02826340326340329,0.0,0.0
WikiText-103 test OOD,2,86,42,0.02518315018315026,0.025183150183150163,0.015005827505827476,0.007326007326007189,0.0
WikiText-103 test OOD,2,87,42,-0.08493589743589741,-0.12500000000000003,-0.11538461538461536,-0.10256410256410242,-1.5625
WikiText-103 test OOD,2,88,43,0.11349067599067597,0.113490675990676,0.11931818181818182,0.11188811188811187,1.5625
WikiText-103 test OOD,2,89,43,0.0641025641025641,0.0641025641025641,0.04705710955710954,0.10256410256410242,1.5625
WikiText-103 test OOD,2,90,44,-0.01311188811188807,-0.013111888111888126,-0.01893939393939395,0.009324009324009452,0.0
WikiText-103 test OOD,2,91,44,-0.07371794871794868,-0.07371794871794873,-0.09659090909090912,-0.05128205128205121,-0.78125
WikiText-103 test OOD,2,92,45,-0.026952214452214518,-0.00611888111888112,-0.03438228438228441,-0.009324009324009452,0.0
WikiText-103 test OOD,2,93,45,-0.125,-0.14583333333333334,-0.1628787878787879,-0.10256410256410242,-1.5625
WikiText-103 test OOD,2,94,46,-0.043727106227106294,-0.0437271062271062,-0.05929487179487179,-0.04395604395604402,-0.78125
WikiText-103 test OOD,2,95,46,0.0,0.0,0.02826340326340329,0.0,0.0
WikiText-103 test OOD,2,96,46,-0.1588203463203463,-0.16179653679653683,-0.136509324009324,-0.1558441558441559,-2.34375
WikiText-103 test OOD,2,97,47,0.06060606060606061,0.06060606060606061,0.05477855477855478,0.06060606060606066,0.78125
WikiText-103 test OOD,2,98,47,-0.10576923076923073,-0.10576923076923078,-0.12281468531468534,-0.10256410256410242,-1.5625
WikiText-103 test OOD,2,99,48,-0.044247419247419206,-0.045621045621045644,-0.07971195471195476,0.01665001665001664,0.0
WikiText-103 test OOD,2,100,48,-0.11103479853479847,-0.11103479853479854,-0.1099941724941725,-0.14652014652014644,-2.34375
WikiText-103 test OOD,2,101,49,-0.07371794871794868,-0.07371794871794873,-0.09076340326340329,-0.05128205128205121,-0.78125
WikiText-103 test OOD,2,102,49,-0.019230769230769273,-0.038461538461538464,-0.07255244755244758,0.0,0.0
WikiText-103 test OOD,2,103,50,-0.03205128205128205,-0.03044871794871795,-0.04909673659673658,-0.05128205128205121,-0.78125
WikiText-103 test OOD,2,104,50,-0.05128205128205132,-0.051282051282051266,-0.051282051282051266,-0.05128205128205121,-0.78125
WikiText-103 test OOD,2,105,51,-0.11509324009324001,-0.11509324009324012,-0.12092074592074595,-0.11188811188811187,-1.5625
WikiText-103 test OOD,2,106,51,-0.10576923076923073,-0.12660256410256412,-0.13243006993006995,-0.10256410256410242,-1.5625
WikiText-103 test OOD,2,107,52,-0.020833333333333315,-0.020833333333333343,-0.020833333333333343,0.0,0.0
WikiText-103 test OOD,2,108,52,-0.11378205128205132,-0.11378205128205127,-0.11378205128205127,-0.11188811188811187,-1.5625
WikiText-103 test OOD,2,109,52,-0.04006410256410259,-0.0608974358974359,-0.07211538461538464,0.0,0.0
WikiText-103 test OOD,2,110,53,-0.22348484848484856,-0.2042540792540792,-0.18720862470862465,-0.2843822843822844,-3.90625
WikiText-103 test OOD,2,111,53,0.015692640692640647,0.015692640692640702,0.04978354978354982,-0.025974025974026094,0.0
WikiText-103 test OOD,2,112,54,0.05259324009324007,0.052593240093240096,0.04137529137529136,0.11188811188811187,1.5625
WikiText-103 test OOD,2,113,54,-0.15833333333333333,-0.16089743589743594,-0.161963036963037,-0.1333333333333333,-2.34375
WikiText-103 test OOD,2,114,55,-0.04166666666666663,-0.041666666666666685,-0.05871212121212124,0.0,0.0
WikiText-103 test OOD,2,115,55,-0.20238095238095238,-0.20238095238095238,-0.20673076923076922,-0.21645021645021656,-3.125
WikiText-103 test OOD,2,116,56,0.009615384615384637,-0.011217948717948734,-0.051136363636363674,0.009324009324009452,0.0
WikiText-103 test OOD,2,117,56,-0.07440476190476186,-0.07440476190476192,-0.10266816516816521,-0.053280053280053474,-0.78125
WikiText-103 test OOD,2,118,57,-0.17193223443223438,-0.17490842490842495,-0.208479020979021,-0.14652014652014644,-2.34375
WikiText-103 test OOD,2,119,58,-0.11103479853479847,-0.11401098901098901,-0.13528138528138534,-0.14652014652014644,-2.34375
WikiText-103 test OOD,2,120,58,-0.005827505827505908,-0.025058275058275042,-0.020833333333333287,-0.06993006993007012,-0.78125
WikiText-103 test OOD,2,121,59,0.0,0.019230769230769246,0.008012820512820512,0.0,0.0
WikiText-103 test OOD,2,122,59,-0.00801282051282054,-0.027243589743589758,-0.05550699300699305,0.05128205128205121,0.78125
WikiText-103 test OOD,2,123,60,-0.03760822510822509,-0.037608225108225105,-0.04778554778554779,-0.03463203463203457,-0.78125
WikiText-103 test OOD,2,124,60,-0.02855477855477856,-0.02855477855477856,-0.03977272727272729,-0.009324009324009452,0.0
WikiText-103 test OOD,2,125,60,-0.19682400932400934,-0.1968240093240093,-0.1914335664335664,-0.2144522144522143,-3.125
WikiText-103 test OOD,2,126,61,-0.26993006993006996,-0.2699300699300699,-0.26635864135864135,-0.30582750582750584,-4.6875
WikiText-103 test OOD,2,127,61,-0.18177655677655669,-0.1817765567765568,-0.1481227106227106,-0.19780219780219765,-3.125
WikiText-103 test OOD,4,0,0,-0.23869047619047623,-0.23869047619047623,-0.0730838221922065,-0.24184704184704187,-1.5625
WikiText-103 test OOD,4,1,0,-0.7049603174603174,-0.7049603174603175,-0.2622705535205535,-0.7105339105339105,-6.25
WikiText-103 test OOD,4,2,0,0.25018939393939393,0.250189393939394,0.06930726406246594,0.24444444444444458,2.34375
WikiText-103 test OOD,4,3,1,0.01666666666666672,0.016666666666666663,-0.0005940977923736546,0.016161616161616044,0.0
WikiText-103 test OOD,4,4,1,-0.6216269841269842,-0.6216269841269841,-0.1808714852357094,-0.6539682539682538,-5.46875
WikiText-103 test OOD,4,5,2,-0.11319444444444426,-0.11319444444444449,-0.021209817198415623,-0.13939393939393918,-1.5625
WikiText-103 test OOD,4,6,2,0.0008838383838383201,0.023611111111111138,0.02386833454277673,-0.028282828282828132,0.0
WikiText-103 test OOD,4,7,3,-0.33125000000000004,-0.33125,-0.14243937171926305,-0.32727272727272716,-2.34375
WikiText-103 test OOD,4,8,3,0.4359126984126984,0.4359126984126985,0.1459707361881275,0.4539682539682538,3.90625
WikiText-103 test OOD,4,9,4,0.09166666666666667,0.09166666666666667,0.036581262939958614,0.0888888888888888,0.78125
WikiText-103 test OOD,4,10,4,0.6289682539682541,0.628968253968254,0.21600667034490562,0.5873015873015873,4.6875
WikiText-103 test OOD,4,11,5,-0.07499999999999996,-0.07500000000000001,-0.04003866503866503,-0.07272727272727275,-0.78125
WikiText-103 test OOD,4,12,5,-0.28055555555555534,-0.2805555555555556,-0.08826058201058203,-0.25050505050505034,-2.34375
WikiText-103 test OOD,4,13,6,-0.2847222222222222,-0.3055555555555556,-0.08841899214883085,-0.33333333333333337,-3.125
WikiText-103 test OOD,4,14,6,-0.17500000000000004,-0.175,-0.05736987856878012,-0.19999999999999996,-1.5625
WikiText-103 test OOD,4,15,6,0.14166666666666672,0.14166666666666666,0.027763655565379713,0.16161616161616155,1.5625
WikiText-103 test OOD,4,16,7,0.018055555555555602,0.018055555555555547,-0.009605082018875125,0.044444444444444176,0.0
WikiText-103 test OOD,4,17,7,-0.07499999999999996,-0.07499999999999998,-0.03801856745405133,-0.07272727272727275,-0.78125
WikiText-103 test OOD,4,18,8,-0.027272727272727115,-0.052272727272727276,-0.00058310941931633,0.0,0.0
WikiText-103 test OOD,4,19,8,0.53125,0.53125,0.20278221848430572,0.4949494949494949,4.6875
WikiText-103 test OOD,4,20,9,0.3956439393939394,0.3729166666666667,0.11504629629629631,0.3616161616161615,3.125
WikiText-103 test OOD,4,21,9,-0.0017690642690642577,-0.003142690642690682,0.014054636930485698,0.006549006549006475,-0.78125
WikiText-103 test OOD,4,22,10,0.15921717171717176,0.15921717171717173,0.06608906107245766,0.14949494949494946,1.5625
WikiText-103 test OOD,4,23,10,-0.04989316239316238,-0.011431623931623947,-0.01475696046460949,0.02144522144522154,0.0
WikiText-103 test OOD,4,24,11,-0.22916666666666663,-0.20833333333333334,-0.0722130997993067,-0.2222222222222222,-2.34375
WikiText-103 test OOD,4,25,11,0.11736111111111125,0.11736111111111108,0.032952251552795006,0.11111111111111116,0.78125
WikiText-103 test OOD,4,26,12,-0.1611111111111111,-0.13611111111111113,-0.060897435897435875,-0.10505050505050484,-0.78125
WikiText-103 test OOD,4,27,12,-0.5484126984126985,-0.5484126984126985,-0.1893867009787477,-0.5933621933621931,-4.6875
WikiText-103 test OOD,4,28,13,-0.13382936507936516,-0.1338293650793651,-0.03158895502645499,-0.21558441558441555,-1.5625
WikiText-103 test OOD,4,29,13,0.3098290598290598,0.30982905982905984,0.10838402446439155,0.2735042735042734,3.125
WikiText-103 test OOD,4,30,13,-0.648421717171717,-0.6256944444444446,-0.18925061050061048,-0.5616161616161615,-4.6875
WikiText-103 test OOD,4,31,14,0.10505050505050506,0.08232323232323233,0.01605384583693814,0.1777777777777776,1.5625
WikiText-103 test OOD,4,32,15,0.5685606060606059,0.5407828282828283,0.17810934095860564,0.5393939393939395,5.46875
WikiText-103 test OOD,4,33,15,-0.11458333333333337,-0.11458333333333331,-0.023644658342934208,-0.11111111111111116,-0.78125
WikiText-103 test OOD,4,34,16,-0.3229166666666667,-0.32291666666666663,-0.1225098470387709,-0.3171717171717173,-3.125
WikiText-103 test OOD,4,35,16,0.7658820346320345,0.7886093073593073,0.2672457396247719,0.6761904761904761,5.46875
WikiText-103 test OOD,4,36,17,-0.2847222222222222,-0.26388888888888884,-0.07255291005291005,-0.33333333333333337,-3.125
WikiText-103 test OOD,4,37,17,-0.1102092352092352,-0.09235209235209232,-0.033907697694462405,-0.1558441558441559,-2.34375
WikiText-103 test OOD,4,38,18,0.0590277777777779,0.059027777777777735,-0.004687881279927961,0.060606060606060774,0.0
WikiText-103 test OOD,4,39,18,0.050000000000000044,0.04999999999999999,0.0005950541754212724,0.07272727272727275,0.78125
WikiText-103 test OOD,4,40,19,-0.2222222222222222,-0.22449494949494947,-0.03973192356813046,-0.2727272727272727,-2.34375
WikiText-103 test OOD,4,41,19,-0.37310606060606055,-0.39583333333333337,-0.12929461331679074,-0.38383838383838376,-3.90625
WikiText-103 test OOD,4,42,20,0.8387896825396827,0.8387896825396826,0.2717261904761905,0.7968253968253967,5.46875
WikiText-103 test OOD,4,43,20,-0.10467171717171708,-0.10467171717171717,-0.024325360008704,-0.13333333333333341,-1.5625
WikiText-103 test OOD,4,44,20,-0.35050505050505054,-0.30000000000000004,-0.12834354941035975,-0.34545454545454546,-3.125
WikiText-103 test OOD,4,45,21,-0.08611111111111114,-0.08611111111111108,-0.018536802836371824,-0.16161616161616155,-1.5625
WikiText-103 test OOD,4,46,21,-0.03888888888888875,-0.03888888888888892,-0.030871068586585837,-0.016161616161616044,0.0
WikiText-103 test OOD,4,47,22,0.11458333333333337,0.11458333333333331,0.027864486560138707,0.11111111111111116,0.78125
WikiText-103 test OOD,4,48,22,-0.09166666666666667,-0.09166666666666667,-0.030268199233716472,-0.0888888888888888,-0.78125
WikiText-103 test OOD,4,49,23,0.03472222222222221,0.03472222222222221,-0.01633127249506558,0.06666666666666654,0.0
WikiText-103 test OOD,4,50,23,0.2539772727272729,0.25397727272727266,0.08939570393374739,0.2727272727272727,2.34375
WikiText-103 test OOD,4,51,24,0.019444444444444486,0.01944444444444443,-0.0031415343915343896,0.022222222222222365,0.0
WikiText-103 test OOD,4,52,24,0.07986111111111116,0.07481060606060602,0.011953203433933662,0.0505050505050505,0.0
WikiText-103 test OOD,4,53,25,-0.2088383838383837,-0.20883838383838385,-0.05142991361880406,-0.2343434343434343,-2.34375
WikiText-103 test OOD,4,54,25,-0.15347222222222212,-0.15347222222222223,-0.04865256855699136,-0.1454545454545455,-1.5625
WikiText-103 test OOD,4,55,26,0.20833333333333326,0.18333333333333335,0.08990261813537676,0.1777777777777776,1.5625
WikiText-103 test OOD,4,56,26,0.002083333333333215,0.0020833333333333814,0.010595694216383872,-0.022222222222222365,0.0
WikiText-103 test OOD,4,57,27,0.050694444444444486,0.05069444444444443,0.017725885225885224,0.022222222222222365,0.0
WikiText-103 test OOD,4,58,27,-0.5963383838383836,-0.5713383838383839,-0.1879312816812817,-0.5616161616161613,-5.46875
WikiText-103 test OOD,4,59,27,0.004166666666666541,0.004166666666666707,0.038399380340909575,-0.04444444444444462,-0.78125
WikiText-103 test OOD,4,60,30,-0.4743055555555554,-0.4743055555555556,-0.14169859514687103,-0.4565656565656565,-4.6875
WikiText-103 test OOD,4,61,30,0.09583333333333321,0.09583333333333338,0.06329279556650245,0.044444444444444176,0.0
WikiText-103 test OOD,4,62,31,0.13888888888888884,0.1388888888888889,0.03359810738842994,0.16161616161616155,1.5625
WikiText-103 test OOD,4,63,31,-0.07222222222222208,-0.04444444444444451,-0.02458994708994712,-0.07272727272727275,-0.78125
WikiText-103 test OOD,4,64,32,0.14583333333333337,0.14583333333333331,0.03466235182030512,0.17171717171717182,1.5625
WikiText-103 test OOD,4,65,32,-0.15277777777777768,-0.1527777777777778,-0.042746616809116816,-0.1777777777777776,-1.5625
WikiText-103 test OOD,4,66,32,0.51875,0.49097222222222225,0.18092958358303624,0.5333333333333333,4.6875
WikiText-103 test OOD,4,67,33,-0.5083333333333333,-0.4875,-0.17559896980736847,-0.48282828282828283,-4.6875
WikiText-103 test OOD,4,68,33,0.002083333333333326,-0.025694444444444464,-0.02156839324358506,-0.022222222222222254,-0.78125
WikiText-103 test OOD,4,69,34,0.27301587301587305,0.298015873015873,0.10350249840738973,0.2378066378066379,1.5625
WikiText-103 test OOD,4,70,34,-0.26388888888888884,-0.2638888888888889,-0.07579581326626655,-0.2828282828282829,-3.125
WikiText-103 test OOD,4,71,35,-0.02499999999999991,-0.025000000000000022,-0.012836053737478023,0.0,0.0
WikiText-103 test OOD,4,72,35,0.32013888888888875,0.3201388888888889,0.13550277308898,0.28888888888888875,2.34375
WikiText-103 test OOD,4,73,36,0.2643939393939393,0.2643939393939394,0.11292704342273309,0.2343434343434343,2.34375
WikiText-103 test OOD,4,74,36,0.3868055555555555,0.38680555555555557,0.1274410774410774,0.37777777777777755,3.125
WikiText-103 test OOD,4,75,37,-0.05795454545454537,-0.05795454545454548,-0.03792393575659704,-0.012121212121212088,0.0
WikiText-103 test OOD,4,76,37,-0.04564393939393929,-0.04564393939393943,-0.011158652711767275,-0.022222222222222254,-0.78125
WikiText-103 test OOD,4,77,38,-0.11111111111111116,-0.1111111111111111,-0.057510927076144455,-0.11111111111111116,-0.78125
WikiText-103 test OOD,4,78,38,0.125,0.125,0.03268985165536889,0.1272727272727272,0.78125
WikiText-103 test OOD,4,79,39,0.15010683760683757,0.1501068376068376,0.05286849314067058,0.17249417249417254,2.34375
WikiText-103 test OOD,4,80,39,-0.21765873015873016,-0.2384920634920635,-0.07555250305250302,-0.18412698412698403,-2.34375
WikiText-103 test OOD,4,81,39,0.2597222222222223,0.23888888888888882,0.06421987598458183,0.33333333333333337,3.125
WikiText-103 test OOD,4,82,40,-0.517667748917749,-0.5176677489177489,-0.17487339795807538,-0.5145743145743146,-3.90625
WikiText-103 test OOD,4,83,40,0.02847222222222212,0.028472222222222232,0.026053328855052987,0.0,0.0
WikiText-103 test OOD,4,84,41,-0.10833333333333317,-0.08333333333333337,-0.033713939831848616,-0.050505050505050386,-0.78125
WikiText-103 test OOD,4,85,41,-0.0854166666666667,-0.08541666666666664,-0.007878324254603011,-0.08282828282828303,-0.78125
WikiText-103 test OOD,4,86,42,0.21458333333333346,0.2145833333333333,0.05195038612483115,0.23838383838383836,1.5625
WikiText-103 test OOD,4,87,42,-0.43939393939393934,-0.43939393939393945,-0.15356182795698925,-0.43434343434343425,-3.90625
WikiText-103 test OOD,4,88,43,0.1416666666666665,0.14166666666666672,0.06233421750663129,0.0888888888888888,0.78125
WikiText-103 test OOD,4,89,43,-0.3643939393939394,-0.33661616161616165,-0.12396681418420546,-0.3616161616161615,-3.125
WikiText-103 test OOD,4,90,44,-0.2616161616161614,-0.23661616161616164,-0.09381151256151256,-0.2343434343434343,-2.34375
WikiText-103 test OOD,4,91,44,0.16746794871794862,0.14474067599067605,0.03756868131868128,0.16239316239316226,2.34375
WikiText-103 test OOD,4,92,45,0.28125,0.28125,0.07698550278432212,0.2727272727272727,2.34375
WikiText-103 test OOD,4,93,45,-0.09393939393939388,-0.09393939393939396,-0.03557757174796938,-0.0888888888888888,-0.78125
WikiText-103 test OOD,4,94,46,0.13669871794871796,0.13669871794871793,0.014857777678021974,0.1325563325563327,0.78125
WikiText-103 test OOD,4,95,46,0.49823232323232314,0.49823232323232325,0.1401507788806176,0.523232323232323,4.6875
WikiText-103 test OOD,4,96,46,-0.31300505050505045,-0.31300505050505056,-0.13417486663997602,-0.2787878787878789,-3.125
WikiText-103 test OOD,4,97,47,-0.02708333333333346,-0.002083333333333326,0.013622181964573252,-0.0505050505050505,0.0
WikiText-103 test OOD,4,98,47,0.0,0.022727272727272707,0.005400684201782635,0.0,0.0
WikiText-103 test OOD,4,99,48,-0.10536616161616164,-0.10536616161616161,-0.04720392329087983,-0.16161616161616155,-1.5625
WikiText-103 test OOD,4,100,48,0.01388888888888884,0.013888888888888895,0.0025906997414350125,0.016161616161616044,0.0
WikiText-103 test OOD,4,101,49,0.24999999999999994,0.2777777777777778,0.09216046424464276,0.2222222222222222,2.34375
WikiText-103 test OOD,4,102,49,-0.3374999999999999,-0.3375,-0.12905858491412486,-0.33333333333333337,-3.125
WikiText-103 test OOD,4,103,50,0.18958333333333333,0.18958333333333333,0.08152911868241705,0.1838383838383839,1.5625
WikiText-103 test OOD,4,104,50,-0.16874999999999996,-0.16875,-0.05510654472167548,-0.1393939393939393,-0.78125
WikiText-103 test OOD,4,105,51,-0.0888888888888888,-0.0888888888888889,-0.016757605820105825,-0.0888888888888888,-0.78125
WikiText-103 test OOD,4,106,51,-0.19275932400932388,-0.21775932400932402,-0.07511054134038002,-0.14623154623154622,-2.34375
WikiText-103 test OOD,4,107,52,-0.4481060606060605,-0.4481060606060606,-0.16768560246679315,-0.4161616161616163,-4.6875
WikiText-103 test OOD,4,108,52,-0.22499999999999987,-0.22500000000000003,-0.10583723627904662,-0.19393939393939408,-2.34375
WikiText-103 test OOD,4,109,52,-0.35496794871794873,-0.32996794871794877,-0.11448329818741389,-0.36845376845376854,-3.90625
WikiText-103 test OOD,4,110,53,-0.05902777777777779,-0.03402777777777777,-0.013864942528735658,0.0,0.0
WikiText-103 test OOD,4,111,53,-0.10208333333333319,-0.10208333333333336,-0.009899776149776149,-0.15555555555555522,-1.5625
WikiText-103 test OOD,4,112,54,0.025000000000000133,0.024999999999999967,0.0014048531289910654,0.07272727272727275,0.78125
WikiText-103 test OOD,4,113,54,-0.3666666666666666,-0.39166666666666666,-0.1440139305347326,-0.3555555555555556,-3.90625
WikiText-103 test OOD,4,114,55,0.05833333333333335,0.05833333333333335,0.005792729496845145,0.050505050505050386,0.78125
WikiText-103 test OOD,4,115,55,0.11666666666666642,0.11666666666666672,0.0533547710271848,0.06666666666666654,0.0
WikiText-103 test OOD,4,116,56,-0.7743055555555555,-0.7743055555555556,-0.2664132742257742,-0.7838383838383837,-7.03125
WikiText-103 test OOD,4,117,56,0.10467171717171708,0.10467171717171722,0.055246104354488665,0.028282828282828132,0.0
WikiText-103 test OOD,4,118,57,-0.10525030525030543,-0.12448107448107451,-0.03853096794273264,-0.11379731379731395,0.0
WikiText-103 test OOD,4,119,58,-0.16388888888888875,-0.16388888888888892,-0.06832862272239357,-0.16161616161616155,-1.5625
WikiText-103 test OOD,4,120,58,-0.11944444444444446,-0.11944444444444446,-0.04587962962962962,-0.0888888888888888,-0.78125
WikiText-103 test OOD,4,121,59,-0.4936674436674436,-0.47094017094017093,-0.15323522314623536,-0.5078477078477077,-5.46875
WikiText-103 test OOD,4,122,59,-0.4166666666666666,-0.4166666666666667,-0.15448095167922754,-0.38383838383838376,-3.90625
WikiText-103 test OOD,4,123,60,-0.21666666666666667,-0.16893939393939394,-0.053802799701019935,-0.2343434343434343,-2.34375
WikiText-103 test OOD,4,124,60,-0.7355235042735042,-0.7355235042735043,-0.25121654965404966,-0.7462315462315461,-7.03125
WikiText-103 test OOD,4,125,60,-0.375,-0.375,-0.1474327940196568,-0.33333333333333337,-3.125
WikiText-103 test OOD,4,126,61,-0.39217171717171706,-0.39217171717171717,-0.11657706093189964,-0.4121212121212119,-3.90625
WikiText-103 test OOD,4,127,61,-0.2664772727272726,-0.2645833333333334,-0.10229955030601584,-0.21212121212121204,-1.5625
WikiText-103 test OOD,8,0,0,0.002083333333333326,-0.02064393939393938,0.0030334791001836586,-0.0383838383838383,1.5625
WikiText-103 test OOD,8,1,0,0.23124999999999996,0.23125,0.06466108680933189,0.19999999999999996,1.5625
WikiText-103 test OOD,8,2,0,0.4579365079365081,0.45793650793650803,0.07548014946304926,0.43520923520923516,2.34375
WikiText-103 test OOD,8,3,1,-0.2529761904761906,-0.2529761904761905,-0.039152812564928696,-0.17460317460317454,-2.34375
WikiText-103 test OOD,8,4,1,0.2785714285714287,0.2785714285714286,0.0400238800012083,0.27012987012987,1.5625
WikiText-103 test OOD,8,5,2,-0.4636904761904762,-0.491468253968254,-0.06523162030096065,-0.4539682539682537,-2.34375
WikiText-103 test OOD,8,6,2,-0.45238095238095233,-0.4523809523809524,-0.08853006344952963,-0.4444444444444444,-2.34375
WikiText-103 test OOD,8,7,3,-0.049107142857142905,-0.049107142857142905,0.014535825730074045,-0.08225108225108213,0.0
WikiText-103 test OOD,8,8,3,0.36547619047619057,0.3654761904761904,0.05132082380518532,0.3399711399711399,0.0
WikiText-103 test OOD,8,9,4,0.2977272727272726,0.29772727272727273,0.05007752910295282,0.2727272727272727,2.34375
WikiText-103 test OOD,8,10,4,0.061210317460317354,0.08621031746031749,0.023832471293688817,0.03174603174603163,0.0
WikiText-103 test OOD,8,11,5,-0.3458333333333333,-0.3458333333333333,-0.06756626478734601,-0.3111111111111111,-2.34375
WikiText-103 test OOD,8,12,5,-0.15625,-0.15625,-0.005857374389053288,-0.1272727272727272,-0.78125
WikiText-103 test OOD,8,13,6,0.25129870129870135,0.2721320346320346,0.028885488417003502,0.22164502164502142,0.78125
WikiText-103 test OOD,8,14,6,0.030456349206349376,0.02558621933621935,0.01694793844988922,0.04415584415584406,-0.78125
WikiText-103 test OOD,8,15,6,0.7111187423687424,0.7231379731379732,0.09796804678135834,0.7814407814407813,6.25
WikiText-103 test OOD,8,16,7,-0.3402777777777778,-0.3402777777777778,-0.04723340917965562,-0.2727272727272727,-2.34375
WikiText-103 test OOD,8,17,7,0.02251082251082248,0.022510822510822592,0.007313047769260027,0.019624819624819545,0.0
WikiText-103 test OOD,8,18,8,0.12550505050505045,0.15050505050505047,0.019620799257771507,0.07272727272727275,0.78125
WikiText-103 test OOD,8,19,8,0.1227272727272728,0.12272727272727271,0.012930879113204868,0.1454545454545455,1.5625
WikiText-103 test OOD,8,20,9,-0.09166666666666667,-0.06388888888888894,-0.001880853992693221,-0.0888888888888888,-0.78125
WikiText-103 test OOD,8,21,9,-0.3947330447330448,-0.3947330447330447,-0.05361808814173494,-0.43174603174603154,-3.125
WikiText-103 test OOD,8,22,10,-0.47272727272727266,-0.4727272727272727,-0.1209711972887284,-0.406060606060606,-2.34375
WikiText-103 test OOD,8,23,10,-0.005662393162393198,0.02211538461538462,0.006085871203519024,0.02144522144522154,0.0
WikiText-103 test OOD,8,24,11,-0.48263888888888884,-0.4868055555555555,-0.06160952659605774,-0.4949494949494949,-4.6875
WikiText-103 test OOD,8,25,11,-0.030654761904762018,-0.030654761904761907,-0.013715609611043247,-0.053968253968254,0.0
WikiText-103 test OOD,8,26,12,-0.003479853479853301,-0.0034798534798534675,-0.0013765487893245346,-0.003374403374403423,-1.5625
WikiText-103 test OOD,8,27,12,0.8577380952380952,0.8577380952380953,0.1040377309846058,0.8317460317460317,3.90625
WikiText-103 test OOD,8,28,13,0.3458333333333333,0.3458333333333333,0.0661831564281655,0.3111111111111111,2.34375
WikiText-103 test OOD,8,29,13,0.8328373015873017,0.8328373015873016,0.13830133081641213,0.7806637806637806,5.46875
WikiText-103 test OOD,8,30,13,-0.09821428571428581,-0.07043650793650791,-0.057951766862782646,-0.060606060606060774,0.0
WikiText-103 test OOD,8,31,14,0.5044642857142856,0.5461309523809523,0.07215699177047862,0.4949494949494948,3.125
WikiText-103 test OOD,8,32,15,-0.7575487012987012,-0.7825487012987014,-0.12851395264011892,-0.6883116883116882,-5.46875
WikiText-103 test OOD,8,33,15,-0.5416666666666666,-0.5416666666666667,-0.0769018308875398,-0.5555555555555556,-5.46875
WikiText-103 test OOD,8,34,16,-0.25902777777777775,-0.25902777777777775,-0.03560096259046773,-0.3111111111111111,-2.34375
WikiText-103 test OOD,8,35,16,0.5674603174603174,0.5362103174603174,0.07935165392944837,0.577200577200577,4.6875
WikiText-103 test OOD,8,36,17,-0.33184523809523814,-0.3318452380952382,-0.045885798386235535,-0.39682539682539675,-2.34375
WikiText-103 test OOD,8,37,17,0.7437499999999999,0.74375,0.13138612958297194,0.6727272727272726,5.46875
WikiText-103 test OOD,8,38,18,-0.8169642857142858,-0.8169642857142858,-0.12994677217351047,-0.831168831168831,-6.25
WikiText-103 test OOD,8,39,18,-0.14077380952380947,-0.14077380952380947,-0.03706549584272727,-0.13650793650793647,-0.78125
WikiText-103 test OOD,8,40,19,0.8,0.7791666666666667,0.12236117703618843,0.7555555555555554,5.46875
WikiText-103 test OOD,8,41,19,-1.0022893772893773,-1.0022893772893773,-0.14835066096451108,-0.9719169719169719,-8.59375
WikiText-103 test OOD,8,42,20,0.7857142857142858,0.7857142857142858,0.11607236884193066,0.7619047619047618,5.46875
WikiText-103 test OOD,8,43,20,-0.5797619047619049,-0.5797619047619048,-0.08264164114573952,-0.5968253968253967,-3.90625
WikiText-103 test OOD,8,44,20,0.31746031746031744,0.3174603174603175,0.026122884773503496,0.30447330447330434,2.34375
WikiText-103 test OOD,8,45,21,-0.34375,-0.34375,-0.08297238849100552,-0.33333333333333337,-3.125
WikiText-103 test OOD,8,46,21,0.06726190476190474,0.06726190476190474,0.021948180033838006,0.09552669552669546,1.5625
WikiText-103 test OOD,8,47,22,-0.31944444444444453,-0.3194444444444444,-0.061702310725331076,-0.2828282828282829,-0.78125
WikiText-103 test OOD,8,48,22,0.1686507936507936,0.1686507936507936,0.034539112112998004,0.19047619047619047,0.78125
WikiText-103 test OOD,8,49,23,0.0,0.0,0.010121844714897452,0.0,0.0
WikiText-103 test OOD,8,50,23,0.6312499999999999,0.6312500000000001,0.12917152211807978,0.5333333333333332,3.125
WikiText-103 test OOD,8,51,24,-0.5217261904761904,-0.5217261904761905,-0.10303867864658137,-0.4409812409812408,-3.125
WikiText-103 test OOD,8,52,24,0.699404761904762,0.6994047619047619,0.11974717832222145,0.6539682539682539,4.6875
WikiText-103 test OOD,8,53,25,0.2729166666666668,0.27291666666666664,0.030691682979254238,0.28888888888888875,2.34375
WikiText-103 test OOD,8,54,25,0.20287698412698418,0.2256042568542569,0.035060109553948324,0.1428571428571428,0.78125
WikiText-103 test OOD,8,55,26,-0.27380952380952395,-0.30158730158730157,-0.04029134855850883,-0.22510822510822504,-2.34375
WikiText-103 test OOD,8,56,26,0.3928571428571429,0.3701298701298702,0.0558565624813485,0.4155844155844155,3.125
WikiText-103 test OOD,8,57,27,0.046527777777777835,0.04652777777777778,0.011129475660772825,0.07272727272727275,0.78125
WikiText-103 test OOD,8,58,27,0.5008928571428573,0.5008928571428573,0.09737386351780268,0.48571428571428554,3.125
WikiText-103 test OOD,8,59,27,0.22916666666666663,0.20833333333333334,0.01587232372563554,0.2222222222222222,2.34375
WikiText-103 test OOD,8,60,30,0.2562500000000001,0.2789772727272727,0.05222364045574352,0.2727272727272726,0.78125
WikiText-103 test OOD,8,61,30,0.22619047619047628,0.22619047619047622,0.01307169485244808,0.25396825396825395,1.5625
WikiText-103 test OOD,8,62,31,-0.8547619047619048,-0.8547619047619048,-0.12409251826847498,-0.8634920634920635,-7.03125
WikiText-103 test OOD,8,63,31,0.1191378066378066,0.1191378066378066,0.03433456647201467,0.1298701298701299,1.5625
WikiText-103 test OOD,8,64,32,0.17032828282828294,0.142550505050505,0.00877220615900648,0.13333333333333353,0.78125
WikiText-103 test OOD,8,65,32,0.03750000000000009,0.06527777777777777,0.001768741683262652,0.06666666666666654,0.0
WikiText-103 test OOD,8,66,32,0.9178571428571427,0.9178571428571429,0.13981581154524766,0.9206349206349206,6.25
WikiText-103 test OOD,8,67,33,-0.5173611111111112,-0.5173611111111112,-0.11273165502064918,-0.4444444444444444,-2.34375
WikiText-103 test OOD,8,68,33,0.05624999999999991,0.1039772727272727,0.039079096391722155,0.0,0.0
WikiText-103 test OOD,8,69,34,-0.18839285714285714,-0.2133928571428571,-0.022918992204796193,-0.21269841269841283,-0.78125
WikiText-103 test OOD,8,70,34,-0.13829365079365097,-0.13829365079365075,-0.02581140129821103,-0.12063492063492065,-1.5625
WikiText-103 test OOD,8,71,35,0.5596320346320346,0.5346320346320347,0.10374414409061387,0.5266955266955267,3.90625
WikiText-103 test OOD,8,72,35,0.26041666666666663,0.2604166666666667,0.050990619300549045,0.2222222222222222,2.34375
WikiText-103 test OOD,8,73,36,-0.6061507936507937,-0.6061507936507937,-0.08424993702237776,-0.619047619047619,-4.6875
WikiText-103 test OOD,8,74,36,0.925,0.925,0.15352283114666032,0.8666666666666665,4.6875
WikiText-103 test OOD,8,75,37,0.75,0.75,0.13631615116018586,0.7333333333333332,4.6875
WikiText-103 test OOD,8,76,37,1.2077380952380954,1.2077380952380952,0.16974542057668518,1.2317460317460316,7.03125
WikiText-103 test OOD,8,77,38,0.6987179487179487,0.6987179487179488,0.1384547551543388,0.7179487179487178,5.46875
WikiText-103 test OOD,8,78,38,1.2756944444444445,1.2756944444444445,0.17819999677131962,1.2505050505050503,7.8125
WikiText-103 test OOD,8,79,39,0.11438492063492078,0.11438492063492067,0.03598335462084777,0.1428571428571428,0.78125
WikiText-103 test OOD,8,80,39,-0.5645833333333332,-0.5395833333333333,-0.09141971077792493,-0.523232323232323,-4.6875
WikiText-103 test OOD,8,81,39,-0.311111111111111,-0.28611111111111115,-0.0369600536455501,-0.2606060606060605,-0.78125
WikiText-103 test OOD,8,82,40,-0.07481060606060597,-0.0748106060606061,-0.02500910933588961,-0.050505050505050386,-0.78125
WikiText-103 test OOD,8,83,40,-0.14583333333333326,-0.14583333333333337,-0.019457704727880915,-0.11111111111111105,-1.5625
WikiText-103 test OOD,8,84,41,-0.8476280663780665,-0.8476280663780664,-0.14300262829202648,-0.7806637806637806,-5.46875
WikiText-103 test OOD,8,85,41,0.2583333333333333,0.25833333333333336,0.027882088602839812,0.25050505050505034,2.34375
WikiText-103 test OOD,8,86,42,0.27827380952380965,0.27827380952380953,0.04843561262496676,0.365079365079365,0.78125
WikiText-103 test OOD,8,87,42,0.023809523809523725,0.02380952380952378,-0.0003985580053663465,0.02886002886002892,-0.78125
WikiText-103 test OOD,8,88,43,-0.08690476190476193,-0.05565476190476193,-0.03135489988969302,-0.053968253968254,0.0
WikiText-103 test OOD,8,89,43,1.0011904761904762,1.0011904761904762,0.14053992357052575,1.0216450216450215,7.03125
WikiText-103 test OOD,8,90,44,0.1702380952380953,0.17023809523809524,0.04765621656283247,0.16507936507936516,0.78125
WikiText-103 test OOD,8,91,44,-0.2110119047619048,-0.21101190476190473,-0.019254300461651712,-0.23492063492063475,-2.34375
WikiText-103 test OOD,8,92,45,0.5051677489177491,0.505167748917749,0.08237471939638832,0.5266955266955267,3.90625
WikiText-103 test OOD,8,93,45,0.08680555555555558,0.06407828282828279,0.0019363507090818313,0.11111111111111116,0.78125
WikiText-103 test OOD,8,94,46,-0.5902777777777778,-0.5902777777777778,-0.0876999897413387,-0.5454545454545454,-4.6875
WikiText-103 test OOD,8,95,46,0.3313492063492064,0.3313492063492064,0.05434369818994455,0.27012987012987,1.5625
WikiText-103 test OOD,8,96,46,0.42361111111111116,0.4236111111111111,0.05398220727603481,0.38383838383838387,3.125
WikiText-103 test OOD,8,97,47,1.5407738095238095,1.5407738095238095,0.2446920523772764,1.5206349206349203,9.375
WikiText-103 test OOD,8,98,47,0.2895833333333334,0.2895833333333333,0.05543147186352452,0.3111111111111111,2.34375
WikiText-103 test OOD,8,99,48,-0.7164772727272728,-0.7164772727272727,-0.11772979427400623,-0.6727272727272726,-5.46875
WikiText-103 test OOD,8,100,48,0.7702380952380953,0.7702380952380952,0.11424497373093799,0.7873015873015872,4.6875
WikiText-103 test OOD,8,101,49,0.40535714285714286,0.4053571428571429,0.08048910816704774,0.34285714285714275,2.34375
WikiText-103 test OOD,8,102,49,-0.13660714285714282,-0.15933441558441563,-0.03664174585918285,-0.1428571428571428,-0.78125
WikiText-103 test OOD,8,103,50,0.375,0.375,0.05216643194046946,0.33333333333333326,1.5625
WikiText-103 test OOD,8,104,50,0.27033730158730174,0.2703373015873016,0.05614096359420456,0.2352092352092352,0.78125
WikiText-103 test OOD,8,105,51,-0.5723214285714285,-0.5723214285714286,-0.09603878714467082,-0.565079365079365,-4.6875
WikiText-103 test OOD,8,106,51,-1.018154761904762,-0.993154761904762,-0.12929464820750122,-0.9873015873015871,-6.25
WikiText-103 test OOD,8,107,52,0.31398809523809523,0.3139880952380953,0.0513558234687928,0.30447330447330434,2.34375
WikiText-103 test OOD,8,108,52,0.016071428571428514,0.016071428571428625,0.02195244767075874,0.01558441558441559,0.0
WikiText-103 test OOD,8,109,52,-0.19038461538461532,-0.19038461538461537,-0.03247902778940443,-0.18461538461538463,-2.34375
WikiText-103 test OOD,8,110,53,0.5723214285714286,0.5723214285714286,0.09228537787615748,0.6155844155844155,4.6875
WikiText-103 test OOD,8,111,53,0.24166666666666659,0.2416666666666667,0.03717981977667208,0.24444444444444446,0.78125
WikiText-103 test OOD,8,112,54,0.508829365079365,0.5088293650793652,0.08013431898581029,0.5549783549783547,4.6875
WikiText-103 test OOD,8,113,54,-0.3169642857142857,-0.3169642857142857,-0.05597041404553175,-0.2727272727272727,-2.34375
WikiText-103 test OOD,8,114,55,-0.27083333333333326,-0.2458333333333334,-0.05433365978715105,-0.23838383838383825,-2.34375
WikiText-103 test OOD,8,115,55,0.44791666666666663,0.4479166666666667,0.078149531444832,0.43434343434343425,3.90625
WikiText-103 test OOD,8,116,56,0.3253968253968255,0.3205266955266956,0.04814654083101785,0.37085137085137077,1.5625
WikiText-103 test OOD,8,117,56,-0.12291666666666679,-0.12291666666666662,-0.0160907015887415,-0.14949494949494957,-0.78125
WikiText-103 test OOD,8,118,57,0.7270833333333334,0.7270833333333333,0.13481720161621358,0.7050505050505049,3.125
WikiText-103 test OOD,8,119,58,0.19027777777777793,0.21111111111111108,0.0447424216074525,0.1777777777777777,0.78125
WikiText-103 test OOD,8,120,58,0.23124999999999996,0.23125,0.03609973304868701,0.19999999999999996,1.5625
WikiText-103 test OOD,8,121,59,0.2966269841269842,0.3216269841269841,0.047274221498310696,0.3145743145743146,2.34375
WikiText-103 test OOD,8,122,59,0.38541666666666663,0.3854166666666667,0.04391285355532009,0.4444444444444444,2.34375
WikiText-103 test OOD,8,123,60,-0.06527777777777799,-0.06527777777777799,0.003727107248779088,-0.04444444444444462,1.5625
WikiText-103 test OOD,8,124,60,-0.2230235042735042,-0.22302350427350426,-0.016076496419361222,-0.2735042735042734,-3.125
WikiText-103 test OOD,8,125,60,-0.9819444444444446,-0.9819444444444445,-0.14020422542792324,-0.9555555555555555,-6.25
WikiText-103 test OOD,8,126,61,-1.2903950216450217,-1.2903950216450217,-0.21330155007988905,-1.2216450216450214,-10.15625
WikiText-103 test OOD,8,127,61,-0.15763888888888888,-0.15763888888888894,-0.03703401575173233,-0.14949494949494935,0.0
